Date,Revenue,Net_Income,Gross_Profit,Operating_Income,EBITDA,EPS,Company,Sector
2025-09-30,71900000000,14393000000,43024000000,18743000000,20743000000,,JPM,Financials
2025-06-30,69944000000,14987000000,42063000000,18284000000,20314000000,,JPM,Financials
2025-03-31,68907000000,14643000000,42005000000,18408000000,20438000000,,JPM,Financials
2024-12-31,67007000000,14005000000,40137000000,17375000000,19340000000,,JPM,Financials
2024-09-30,69667000000,12898000000,39543000000,16978000000,18945000000,,JPM,Financials
2024-06-30,67835000000,18149000000,39039000000,23435000000,25437000000,,JPM,Financials
2024-03-31,66264000000,13419000000,40050000000,17293000000,19297000000,,JPM,Financials
2023-12-31,61933000000,9307000000,35849000000,11326000000,14663000000,,JPM,Financials
2023-09-30,61591000000,13151000000,38390000000,16733000000,18752000000,,JPM,Financials
2023-06-30,58447000000,14472000000,35696000000,17586000000,18093000000,,JPM,Financials
2023-03-31,54641000000,12622000000,36074000000,15967000000,17616000000,,JPM,Financials
2022-12-31,34547000000,11008000000,32259000000,11155000000,12826000000,,JPM,Financials
2022-09-30,40795000000,9737000000,31179000000,12001000000,13772000000,,JPM,Financials
2022-06-30,34227000000,8649000000,29614000000,10865000000,12654000000,,JPM,Financials
2022-03-31,32342000000,8282000000,29254000000,10063000000,11883000000,,JPM,Financials
2021-12-31,30706000000,10399000000,30545000000,12657000000,14588000000,,JPM,Financials
2021-09-30,31061000000,11687000000,31174000000,14111000000,16039000000,,JPM,Financials
2021-06-30,31839000000,11948000000,32764000000,15097000000,17100000000,,JPM,Financials
2021-03-31,33632000000,14300000000,36422000000,17697000000,19767000000,,JPM,Financials
2020-12-31,30558000000,12136000000,31113000000,15065000000,17192000000,,JPM,Financials
2020-09-30,30845000000,9443000000,28644000000,11769000000,13910000000,,JPM,Financials
2020-06-30,35330000000,4687000000,22602000000,5660000000,7809000000,,JPM,Financials
2020-03-31,32999000000,2865000000,20001000000,3210000000,5407000000,,JPM,Financials
2019-12-31,34092000000,8520000000,26904000000,10565000000,12704000000,,JPM,Financials
2019-09-30,36184000000,9080000000,27777000000,11405000000,13550000000,,JPM,Financials
2019-06-30,35952000000,9652000000,27598000000,11342000000,13388000000,,JPM,Financials
2019-03-31,36059000000,9179000000,27628000000,11233000000,13271000000,,JPM,Financials
2018-12-31,32793000000,7066000000,24561000000,8841000000,10916000000,,JPM,Financials
2018-09-30,32791000000,8380000000,26312000000,10689000000,12681000000,,JPM,Financials
2018-06-30,32834000000,8316000000,26543000000,10572000000,12499000000,,JPM,Financials
2018-03-31,32290000000,8712000000,26742000000,10662000000,12459000000,,JPM,Financials
2017-12-31,28119000000,4232000000,22845000000,8254000000,9886000000,,JPM,Financials
2017-09-30,29467000000,6732000000,24126000000,9556000000,11135000000,,JPM,Financials
2017-06-30,28528000000,7029000000,23871000000,9749000000,11253000000,,JPM,Financials
2017-03-31,27917000000,6448000000,23624000000,8341000000,9805000000,,JPM,Financials
2016-12-31,26089000000,6727000000,22512000000,8679000000,10125000000,,JPM,Financials
2016-09-30,27140000000,6286000000,23402000000,8939000000,10346000000,,JPM,Financials
2016-06-30,26846000000,6200000000,22978000000,9340000000,10676000000,,JPM,Financials
2016-03-31,25411000000,5520000000,21415000000,7578000000,8867000000,,JPM,Financials
2015-12-31,24301000000,5434000000,21120000000,7371000000,8644000000,,JPM,Financials
2015-09-30,24595000000,6804000000,22098000000,6730000000,7978000000,,JPM,Financials
2015-06-30,25642000000,6290000000,22877000000,8377000000,9615000000,,JPM,Financials
2015-03-31,25954000000,5914000000,23107000000,8224000000,9405000000,,JPM,Financials
2014-12-31,24401000000,4931000000,21672000000,6263000000,7449000000,,JPM,Financials
2014-09-30,26288000000,5565000000,23712000000,7914000000,9061000000,,JPM,Financials
2014-06-30,26741000000,5980000000,23986000000,8555000000,9773000000,,JPM,Financials
2014-03-31,25341000000,5269000000,22365000000,7729000000,8937000000,,JPM,Financials
2013-12-31,25511000000,5278000000,23052000000,7500000000,8746000000,,JPM,Financials
2013-09-30,25408000000,-380000000,23660000000,34000000,1685000000,,JPM,Financials
2013-06-30,27579000000,6496000000,25164000000,9298000000,10733000000,,JPM,Financials
2013-03-31,27554000000,6529000000,24505000000,9082000000,10056000000,,JPM,Financials
2012-12-31,26165000000,5692000000,22997000000,6950000000,8354000000,,JPM,Financials
2012-09-30,27799000000,5708000000,23357000000,7986000000,9280000000,,JPM,Financials
2012-06-30,25133000000,4960000000,21966000000,7000000000,8217000000,,JPM,Financials
2012-03-31,29087000000,4924000000,25326000000,6981000000,8213000000,,JPM,Financials
2011-12-31,24394000000,3728000000,19287000000,4747000000,6035000000,,JPM,Financials
2011-09-30,27106000000,4262000000,21352000000,5818000000,7083000000,,JPM,Financials
2011-06-30,30575000000,5431000000,24969000000,8127000000,9405000000,,JPM,Financials
2011-03-31,28763000000,5555000000,24052000000,8057000000,9331000000,,JPM,Financials
2010-12-31,29608000000,4831000000,23055000000,7012000000,8300000000,,JPM,Financials
2010-09-30,26928000000,4418000000,20601000000,6203000000,7476000000,,JPM,Financials
2010-06-30,28133000000,4795000000,21738000000,7107000000,8315000000,,JPM,Financials
2010-03-31,30806000000,3326000000,20661000000,4537000000,5741000000,,JPM,Financials
2009-12-31,26401000000,3278000000,15880000000,3876000000,4963000000,,JPM,Financials
2009-09-30,30145000000,3588000000,18518000000,5063000000,6060000000,,JPM,Financials
2009-06-30,29502000000,2721000000,17592000000,4072000000,5135000000,,JPM,Financials
2009-03-31,29584000000,2141000000,16429000000,3056000000,3742000000,,JPM,Financials
2008-12-31,25025000000,702000000,9913000000,-1342000000,-186000000,,JPM,Financials
2008-09-30,23069000000,527000000,8950000000,-2187000000,-1072000000,,JPM,Financials
2008-06-30,26634000000,2003000000,14944000000,2767000000,3979000000,,JPM,Financials
2008-03-31,26763000000,2373000000,12466000000,3535000000,4458000000,,JPM,Financials
2007-12-31,28780000000,2971000000,14842000000,4122000000,5183000000,,JPM,Financials
2007-09-30,28005000000,3373000000,14327000000,5000000000,5957000000,,JPM,Financials
2007-06-30,30082000000,4234000000,17379000000,6351000000,7278000000,,JPM,Financials
2007-03-31,29486000000,4787000000,17960000000,7332000000,8208000000,,JPM,Financials
2006-12-31,27055000000,4526000000,14920000000,5174000000,6171000000,,JPM,Financials
2006-09-30,25323000000,3297000000,14733000000,4937000000,5797000000,,JPM,Financials
2006-06-30,24379000000,3540000000,14447000000,5211000000,6094000000,,JPM,Financials
2006-03-31,23477000000,3081000000,14405000000,4653000000,5490000000,,JPM,Financials
2005-12-31,21109000000,2698000000,12454000000,3919000000,4982000000,,JPM,Financials
2005-09-30,20772000000,2527000000,13020000000,3661000000,4695000000,,JPM,Financials
2025-09-30,48221000000,8469000000,26793000000,9456000000,9456000000,,BAC,Financials
2025-06-30,46666000000,7116000000,24871000000,7688000000,8269000000,,BAC,Financials
2025-03-31,46989000000,7396000000,25886000000,8116000000,8681000000,,BAC,Financials
2024-12-31,46965000000,6665000000,23895000000,7108000000,7667000000,,BAC,Financials
2024-09-30,25345000000,6896000000,12726000000,10582000000,11131000000,,BAC,Financials
2024-06-30,25377000000,6897000000,12863000000,19435000000,19978000000,,BAC,Financials
2024-03-31,25818000000,6674000000,12235000000,7262000000,7800000000,,BAC,Financials
2023-12-31,20855000000,3144000000,20855000000,3124000000,3626000000,,BAC,Financials
2023-09-30,25167000000,7802000000,12931000000,8095000000,8612000000,,BAC,Financials
2023-06-30,25197000000,7408000000,12799000000,26230000000,26740000000,,BAC,Financials
2023-03-31,25327000000,8161000000,12671000000,9089000000,9592000000,,BAC,Financials
2022-12-31,23440000000,7132000000,23440000000,7897000000,8399000000,,BAC,Financials
2022-09-30,23604000000,7082000000,11769000000,8301000000,8792000000,,BAC,Financials
2022-06-30,22165000000,6247000000,10332000000,6892000000,7383000000,,BAC,Financials
2022-03-31,23198000000,7067000000,11199000000,7879000000,8373000000,,BAC,Financials
2021-12-31,22549000000,7013000000,22549000000,7818000000,8313000000,,BAC,Financials
2021-09-30,23390000000,7691000000,12134000000,8950000000,9423000000,,BAC,Financials
2021-06-30,23087000000,9224000000,11702000000,8042000000,8511000000,,BAC,Financials
2021-03-31,24681000000,8050000000,12342000000,9166000000,9627000000,,BAC,Financials
2020-12-31,20046000000,5470000000,20046000000,6119000000,6606000000,,BAC,Financials
2020-09-30,18947000000,4881000000,7567000000,4546000000,5022000000,,BAC,Financials
2020-06-30,17209000000,3533000000,6748000000,3799000000,4247000000,,BAC,Financials
2020-03-31,18006000000,4010000000,7330000000,4531000000,4963000000,,BAC,Financials
2019-12-31,21408000000,6994000000,21408000000,8169000000,8608000000,,BAC,Financials
2019-09-30,19956000000,5777000000,7472000000,6859000000,7297000000,,BAC,Financials
2019-06-30,22227000000,7348000000,11762000000,8959000000,9393000000,,BAC,Financials
2019-03-31,21991000000,7311000000,11395000000,8767000000,9185000000,,BAC,Financials
2018-12-31,21772000000,7278000000,21831000000,9167000000,9691000000,,BAC,Financials
2018-09-30,22008000000,7167000000,18486000000,8994000000,9509000000,,BAC,Financials
2018-06-30,22451000000,6784000000,18868000000,9227000000,9740000000,,BAC,Financials
2018-03-31,22236000000,6918000000,18538000000,8394000000,8905000000,,BAC,Financials
2017-12-31,19435000000,2365000000,14830000000,6329000000,6844000000,,BAC,Financials
2017-09-30,21005000000,5587000000,17384000000,7751000000,7902000000,,BAC,Financials
2017-06-30,22103000000,5269000000,18126000000,8313000000,8473000000,,BAC,Financials
2017-03-31,21413000000,4856000000,17658000000,7594000000,7756000000,,BAC,Financials
2016-12-31,19216000000,4696000000,15869000000,5369000000,5545000000,,BAC,Financials
2016-09-30,20785000000,4955000000,17009000000,7485000000,7666000000,,BAC,Financials
2016-06-30,20310000000,4232000000,16517000000,7273000000,7459000000,,BAC,Financials
2016-03-31,19793000000,2680000000,15871000000,5552000000,6118000000,,BAC,Financials
2015-12-31,18772000000,3336000000,16618000000,6164000000,6366000000,,BAC,Financials
2015-09-30,20186000000,4508000000,16474000000,6454000000,6661000000,,BAC,Financials
2015-06-30,20697000000,5320000000,16837000000,6951000000,7163000000,,BAC,Financials
2015-03-31,20149000000,3357000000,16165000000,4535000000,4748000000,,BAC,Financials
2014-12-31,18506000000,3050000000,15770000000,4938000000,5166000000,,BAC,Financials
2014-09-30,20573000000,-470000000,10826000000,6665000000,6899000000,,BAC,Financials
2014-06-30,21336000000,2291000000,13497000000,7030000000,7265000000,,BAC,Financials
2014-03-31,21557000000,-514000000,11510000000,5558000000,5797000000,,BAC,Financials
2013-12-31,21152000000,3439000000,17890000000,6411000000,6677000000,,BAC,Financials
2013-09-30,21234000000,2497000000,15814000000,6215000000,6485000000,,BAC,Financials
2013-06-30,21516000000,4012000000,16624000000,6243000000,6517000000,,BAC,Financials
2013-03-31,21484000000,1110000000,14450000000,4460000000,4736000000,,BAC,Financials
2012-12-31,14856000000,367000000,7987000000,-2295000000,-1986000000,,BAC,Financials
2012-09-30,20196000000,340000000,13800000000,6228000000,6543000000,,BAC,Financials
2012-06-30,21606000000,2463000000,16088000000,7103000000,7424000000,,BAC,Financials
2012-03-31,21553000000,653000000,15423000000,8083000000,8402000000,,BAC,Financials
2011-12-31,21661000000,1991000000,7735000000,7624000000,7989000000,,BAC,Financials
2011-09-30,27092000000,6232000000,21421000000,8689000000,9066000000,,BAC,Financials
2011-06-30,12069000000,-8826000000,3888000000,7541000000,7923000000,,BAC,Financials
2011-03-31,25490000000,2049000000,18238000000,9460000000,9845000000,,BAC,Financials
2010-12-31,20886000000,-1244000000,14007000000,9349000000,9769000000,,BAC,Financials
2010-09-30,26466000000,-7299000000,21010000000,11605000000,12031000000,,BAC,Financials
2010-06-30,29153000000,3123000000,23766000000,12605000000,13591000000,,BAC,Financials
2010-03-31,31969000000,3182000000,26301000000,13207000000,14219000000,,BAC,Financials
2009-12-31,23050000000,-194000000,17226000000,13012000000,13444000000,,BAC,Financials
2009-09-30,25989000000,-1001000000,20385000000,11887000000,12983000000,,BAC,Financials
2009-06-30,26831000000,3224000000,20955000000,12673000000,13189000000,,BAC,Financials
2009-03-31,35758000000,4247000000,30710000000,16182000000,17280000000,,BAC,Financials
2008-12-31,16471000000,-1789000000,12180000000,8220000000,8697000000,,BAC,Financials
2008-09-30,19621000000,1177000000,15942000000,17488000000,18350000000,,BAC,Financials
2008-06-30,20315000000,3410000000,17616000000,16395000000,17190000000,,BAC,Financials
2008-03-31,17003000000,1210000000,14895000000,18829000000,19603000000,,BAC,Financials
2007-12-31,12672000000,268000000,5729000000,2199000000,2998000000,,BAC,Financials
2007-09-30,15929000000,3698000000,13596000000,10453000000,11163000000,,BAC,Financials
2007-06-30,19563000000,5761000000,17209000000,14035000000,14706000000,,BAC,Financials
2007-03-31,18155000000,5255000000,16055000000,13171000000,13835000000,,BAC,Financials
2006-12-31,15297000000,5256000000,13063000000,9649000000,10361000000,,BAC,Financials
2006-09-30,18184000000,5416000000,16014000000,15637000000,16356000000,,BAC,Financials
2006-06-30,18221000000,5475000000,16040000000,15263000000,15983000000,,BAC,Financials
2006-03-31,17691000000,4986000000,15541000000,14734000000,15452000000,,BAC,Financials
2005-12-31,13518000000,3347000000,11459000000,9274000000,9713000000,,BAC,Financials
2005-09-30,14636000000,4127000000,12637000000,10077000000,10516000000,,BAC,Financials
2025-09-30,43840000000,3752000000,19640000000,5350000000,5350000000,,C,Financials
2025-06-30,42352000000,4019000000,18796000000,5219000000,6316000000,,C,Financials
2025-03-31,41255000000,4064000000,18893000000,5448000000,6498000000,,C,Financials
2024-12-31,40900000000,2856000000,17005000000,3802000000,4821000000,,C,Financials
2024-09-30,43359000000,3238000000,17668000000,4390000000,5471000000,,C,Financials
2024-06-30,42638000000,3217000000,17681000000,4310000000,5411000000,,C,Financials
2024-03-31,43722000000,3371000000,18678000000,4544000000,5654000000,,C,Financials
2023-12-31,41395000000,-1839000000,15317000000,-2103000000,-931000000,,C,Financials
2023-09-30,40748000000,3546000000,17921000000,4788000000,5929000000,,C,Financials
2023-06-30,38187000000,2915000000,17626000000,4042000000,5178000000,,C,Financials
2023-03-31,36452000000,4606000000,18437000000,6183000000,7294000000,,C,Financials
2022-12-31,30439000000,2513000000,16181000000,3176000000,4284000000,,C,Financials
2022-09-30,25240000000,3479000000,16554000000,4394000000,5459000000,,C,Financials
2022-06-30,23236000000,4547000000,18338000000,5971000000,7045000000,,C,Financials
2022-03-31,21468000000,4306000000,18458000000,5266000000,6281000000,,C,Financials
2021-12-31,18332000000,3173000000,17741000000,3950000000,4935000000,,C,Financials
2021-09-30,19416000000,4644000000,17661000000,5862000000,6897000000,,C,Financials
2021-06-30,19734000000,6193000000,18834000000,7348000000,8330000000,,C,Financials
2021-03-31,21706000000,7942000000,21774000000,10309000000,11271000000,,C,Financials
2020-12-31,19077000000,3979000000,16212000000,4998000000,6049000000,,C,Financials
2020-09-30,20139000000,3146000000,14976000000,3954000000,4987000000,,C,Financials
2020-06-30,23244000000,1056000000,11584000000,1109000000,2035000000,,C,Financials
2020-03-31,26646000000,2536000000,14069000000,3128000000,4055000000,,C,Financials
2019-12-31,24926000000,4979000000,16181000000,5702000000,6741000000,,C,Financials
2019-09-30,26112000000,4913000000,16505000000,6022000000,7005000000,,C,Financials
2019-06-30,26520000000,4799000000,16684000000,6165000000,7117000000,,C,Financials
2019-03-31,25893000000,4710000000,16608000000,6012000000,6943000000,,C,Financials
2018-12-31,23977000000,4313000000,15227000000,5306000000,6260000000,,C,Financials
2018-09-30,24757000000,4622000000,16441000000,6104000000,7049000000,,C,Financials
2018-06-30,24354000000,4490000000,16678000000,5945000000,6874000000,,C,Financials
2018-03-31,24032000000,4620000000,17041000000,6090000000,7016000000,,C,Financials
2017-12-31,21791000000,-18893000000,15210000000,5099000000,6041000000,,C,Financials
2017-09-30,22798000000,4133000000,16448000000,6003000000,6923000000,,C,Financials
2017-06-30,22303000000,3872000000,16573000000,5678000000,6579000000,,C,Financials
2017-03-31,21932000000,4090000000,16734000000,5981000000,6877000000,,C,Financials
2016-12-31,20289000000,3573000000,15252000000,5100000000,6106000000,,C,Financials
2016-09-30,20934000000,3840000000,16059000000,5620000000,6558000000,,C,Financials
2016-06-30,20668000000,3998000000,16188000000,5770000000,6638000000,,C,Financials
2016-03-31,20495000000,3501000000,15598000000,4987000000,5895000000,,C,Financials
2015-12-31,21357000000,3335000000,16106000000,4808000000,5682000000,,C,Financials
2015-09-30,21633000000,4291000000,17045000000,6187000000,7052000000,,C,Financials
2015-06-30,22521000000,4846000000,18003000000,6894000000,7776000000,,C,Financials
2015-03-31,22764000000,4770000000,18018000000,6937000000,7822000000,,C,Financials
2014-12-31,20971000000,350000000,16600000000,1373000000,2289000000,,C,Financials
2014-09-30,23014000000,2841000000,18144000000,4984000000,5918000000,,C,Financials
2014-06-30,23040000000,181000000,17877000000,2174000000,3070000000,,C,Financials
2014-03-31,23797000000,3944000000,18440000000,6083000000,6926000000,,C,Financials
2013-12-31,21517000000,2456000000,16538000000,3415000000,4267000000,,C,Financials
2013-09-30,21856000000,3227000000,15945000000,4266000000,5696000000,,C,Financials
2013-06-30,24646000000,4182000000,18464000000,6315000000,7133000000,,C,Financials
2013-03-31,24578000000,3808000000,17789000000,5501000000,6308000000,,C,Financials
2012-12-31,22802000000,1196000000,15862000000,1130000000,1373000000,,C,Financials
2012-09-30,18729000000,468000000,11083000000,-1009000000,-257000000,,C,Financials
2012-06-30,23730000000,2946000000,15691000000,3697000000,4471000000,,C,Financials
2012-03-31,24996000000,2931000000,16387000000,4068000000,4806000000,,C,Financials
2011-12-31,22886000000,956000000,15272000000,1089000000,1826000000,,C,Financials
2011-09-30,26862000000,3771000000,17480000000,5020000000,5764000000,,C,Financials
2011-06-30,27060000000,3341000000,17235000000,4299000000,5019000000,,C,Financials
2011-03-31,25779000000,2999000000,16542000000,4216000000,4887000000,,C,Financials
2010-12-31,23260000000,1309000000,13316000000,1060000000,2345000000,,C,Financials
2010-09-30,26921000000,2168000000,14819000000,3299000000,3435000000,,C,Financials
2010-06-30,28500000000,2697000000,15406000000,3540000000,4160000000,,C,Financials
2010-03-31,31712000000,4428000000,16803000000,5285000000,5908000000,,C,Financials
2009-12-31,11947000000,-7579000000,-1521000000,-15093000000,-13530000000,,C,Financials
2009-09-30,27782000000,101000000,12007000000,-529000000,-98000000,,C,Financials
2009-06-30,36811000000,4279000000,17293000000,5294000000,6140000000,,C,Financials
2009-03-31,32178000000,1593000000,14214000000,2529000000,2542000000,,C,Financials
2008-12-31,16253000000,-17263000000,-5697000000,-32430000000,-31917000000,,C,Financials
2008-09-30,28984000000,-2815000000,7191000000,-6816000000,-6273000000,,C,Financials
2008-06-30,30889000000,-2495000000,10438000000,-4776000000,-4178000000,,C,Financials
2008-03-31,28563000000,-5111000000,6589000000,-9186000000,-8374000000,,C,Financials
2007-12-31,27209000000,-9833000000,-356000000,-16858000000,-16526000000,,C,Financials
2007-09-30,42063000000,2212000000,16773000000,2601000000,3087000000,,C,Financials
2007-06-30,45301000000,6226000000,23620000000,8806000000,9476000000,,C,Financials
2007-03-31,43021000000,5012000000,22753000000,6874000000,7526000000,,C,Financials
2006-12-31,40046000000,5129000000,21465000000,7659000000,8117000000,,C,Financials
2006-09-30,36323000000,5505000000,19629000000,7323000000,8011000000,,C,Financials
2006-06-30,35899000000,5265000000,20746000000,7565000000,8253000000,,C,Financials
2006-03-31,34290000000,5639000000,20787000000,7092000000,7761000000,,C,Financials
2005-12-31,31714000000,6932000000,18908000000,7223000000,7893000000,,C,Financials
2005-09-30,31147000000,7143000000,18973000000,7152000000,7876000000,,C,Financials
2025-09-30,37296000000,4098000000,14845000000,5392000000,5923000000,,GS,Financials
2025-06-30,31268000000,3723000000,14199000000,4958000000,5576000000,,GS,Financials
2025-03-31,31550000000,4738000000,14775000000,5647000000,6153000000,,GS,Financials
2024-12-31,32240000000,4111000000,13518000000,5257000000,5755000000,,GS,Financials
2024-09-30,31524000000,2990000000,12302000000,3987000000,4608000000,,GS,Financials
2024-06-30,30929000000,3043000000,12449000000,3916000000,4562000000,,GS,Financials
2024-03-31,32160000000,4132000000,13895000000,5237000000,5864000000,,GS,Financials
2023-12-31,28463000000,2008000000,10741000000,2254000000,3034000000,,GS,Financials
2023-09-30,28527000000,2058000000,11810000000,2756000000,4268000000,,GS,Financials
2023-06-30,26047000000,1216000000,10280000000,1736000000,3330000000,,GS,Financials
2023-03-31,25381000000,3234000000,12395000000,3993000000,4963000000,,GS,Financials
2022-12-31,20930000000,1326000000,9621000000,1530000000,2257000000,,GS,Financials
2022-09-30,18482000000,3069000000,11460000000,3756000000,4422000000,,GS,Financials
2022-06-30,14981000000,2927000000,11197000000,3544000000,4114000000,,GS,Financials
2022-03-31,12933000000,3939000000,561000000,6041000000,6533000000,,GS,Financials
2021-12-31,13854000000,3935000000,12295000000,5025000000,5513000000,,GS,Financials
2021-09-30,15161000000,5378000000,13433000000,6842000000,7351000000,,GS,Financials
2021-06-30,16698000000,5486000000,15480000000,6840000000,7360000000,,GS,Financials
2021-03-31,19276000000,6836000000,17774000000,8337000000,8835000000,,GS,Financials
2020-12-31,13304000000,4506000000,11448000000,5541000000,6039000000,,GS,Financials
2020-09-30,12629000000,3367000000,10503000000,4299000000,4767000000,,GS,Financials
2020-06-30,15385000000,373000000,11705000000,1291000000,1790000000,,GS,Financials
2020-03-31,12179000000,1213000000,7805000000,1348000000,1785000000,,GS,Financials
2019-12-31,13792000000,1917000000,9599000000,2321000000,2785000000,,GS,Financials
2019-09-30,12774000000,1877000000,8032000000,2416000000,2889000000,,GS,Financials
2019-06-30,14150000000,2421000000,9247000000,3127000000,3526000000,,GS,Financials
2019-03-31,13186000000,2251000000,8583000000,2719000000,3087000000,,GS,Financials
2018-12-31,13009000000,2538000000,8532000000,2708000000,3085000000,,GS,Financials
2018-09-30,13025000000,2524000000,8646000000,3078000000,3395000000,,GS,Financials
2018-06-30,13554000000,2565000000,9402000000,3276000000,3611000000,,GS,Financials
2018-03-31,13392000000,2832000000,10036000000,3419000000,3718000000,,GS,Financials
2017-12-31,10666000000,-1928000000,7828000000,3108000000,3458000000,,GS,Financials
2017-09-30,11007000000,2128000000,8326000000,2976000000,3256000000,,GS,Financials
2017-06-30,10319000000,1831000000,7887000000,2509000000,2774000000,,GS,Financials
2017-03-31,10256000000,2255000000,8026000000,2539000000,2796000000,,GS,Financials
2016-12-31,10258000000,2347000000,8170000000,3397000000,3664000000,,GS,Financials
2016-09-30,9943000000,2094000000,8168000000,2868000000,3115000000,,GS,Financials
2016-06-30,9708000000,1822000000,7932000000,2463000000,2708000000,,GS,Financials
2016-03-31,7803000000,1135000000,6338000000,1576000000,1815000000,,GS,Financials
2015-12-31,8721000000,765000000,7273000000,1072000000,1357000000,,GS,Financials
2015-09-30,8138000000,1426000000,6861000000,2046000000,2268000000,,GS,Financials
2015-06-30,10556000000,1048000000,9069000000,1726000000,1991000000,,GS,Financials
2015-03-31,11759000000,2844000000,10583000000,3934000000,4153000000,,GS,Financials
2014-12-31,8861000000,2166000000,7688000000,3210000000,3562000000,,GS,Financials
2014-09-30,9635000000,2241000000,8387000000,3305000000,3606000000,,GS,Financials
2014-06-30,10704000000,2037000000,9125000000,2821000000,3115000000,,GS,Financials
2014-03-31,10885000000,2033000000,9328000000,3021000000,3411000000,,GS,Financials
2013-12-31,10372000000,2332000000,8782000000,3552000000,4026000000,,GS,Financials
2013-09-30,8280000000,1517000000,6722000000,2167000000,2447000000,,GS,Financials
2013-06-30,10449000000,1931000000,8612000000,2645000000,2911000000,,GS,Financials
2013-03-31,11773000000,2260000000,10090000000,3373000000,3675000000,,GS,Financials
2012-12-31,10627000000,2892000000,8736000000,4313000000,4813000000,,GS,Financials
2012-09-30,10144000000,1512000000,8351000000,2298000000,2694000000,,GS,Financials
2012-06-30,8592000000,962000000,6627000000,1415000000,1824000000,,GS,Financials
2012-03-31,11801000000,2109000000,9949000000,3181000000,3614000000,,GS,Financials
2011-12-31,8016000000,1013000000,6049000000,1247000000,1761000000,,GS,Financials
2011-09-30,5585000000,-393000000,3587000000,-730000000,-341000000,,GS,Financials
2011-06-30,9549000000,1087000000,7281000000,1612000000,1984000000,,GS,Financials
2011-03-31,13643000000,2735000000,11894000000,4040000000,4634000000,,GS,Financials
2010-12-31,10373000000,2387000000,8642000000,3474000000,4205000000,,GS,Financials
2010-09-30,10712000000,1898000000,8903000000,2811000000,3169000000,,GS,Financials
2010-06-30,10524000000,613000000,8841000000,1448000000,1888000000,,GS,Financials
2010-03-31,14358000000,3456000000,12775000000,5159000000,5534000000,,GS,Financials
2009-12-31,10922000000,4948000000,9615000000,7377000000,7771000000,,GS,Financials
2009-09-30,13682000000,3188000000,12372000000,4794000000,5167000000,,GS,Financials
2009-06-30,15189000000,3435000000,13761000000,5029000000,5556000000,,GS,Financials
2009-03-31,11880000000,1814000000,9425000000,2629000000,3278000000,,GS,Financials
2008-12-31,3682000000,-2121000000,-1578000000,-3599000000,-3020000000,,GS,Financials
2008-09-30,13625000000,845000000,6043000000,960000000,1352000000,,GS,Financials
2008-06-30,17643000000,2087000000,9422000000,2832000000,3143000000,,GS,Financials
2008-03-31,18629000000,1511000000,8335000000,2143000000,2486000000,,GS,Financials
2007-12-31,7983000000,3215000000,0,12437000000,16179000000,,GS,Financials
2007-09-30,21534000000,3215000000,10741000000,5055000000,5386000000,,GS,Financials
2007-06-30,20351000000,2333000000,10182000000,3431000000,3712000000,,GS,Financials
2007-03-31,22280000000,3197000000,12730000000,4859000000,5131000000,,GS,Financials
2006-12-31,18126000000,3152000000,9407000000,4985000000,5251000000,,GS,Financials
2006-09-30,15979000000,1594000000,7584000000,2362000000,2613000000,,GS,Financials
2006-06-30,18002000000,2312000000,10241000000,3524000000,3783000000,,GS,Financials
2006-03-31,17246000000,2479000000,10433000000,3689000000,3908000000,,GS,Financials
2005-12-31,12145000000,1632000000,6403000000,2479000000,2695000000,,GS,Financials
2005-09-30,12333000000,1617000000,7393000000,2405000000,2615000000,,GS,Financials
2025-09-30,31905000000,5589000000,20755000000,6909000000,7305000000,,WFC,Financials
2025-06-30,30434000000,5494000000,19817000000,6438000000,8331000000,,WFC,Financials
2025-03-31,29627000000,4894000000,19217000000,5326000000,7184000000,,WFC,Financials
2024-12-31,30597000000,5079000000,19283000000,5383000000,7367000000,,WFC,Financials
2024-09-30,31674000000,5114000000,19301000000,6234000000,8017000000,,WFC,Financials
2024-06-30,31650000000,4910000000,19453000000,6160000000,8132000000,,WFC,Financials
2024-03-31,31476000000,4619000000,19925000000,5587000000,7406000000,,WFC,Financials
2023-12-31,30546000000,3446000000,19196000000,3410000000,4904000000,,WFC,Financials
2023-09-30,29845000000,5767000000,19660000000,6547000000,8144000000,,WFC,Financials
2023-06-30,28200000000,4938000000,18820000000,5833000000,7461000000,,WFC,Financials
2023-03-31,26749000000,4991000000,19522000000,5846000000,7398000000,,WFC,Financials
2022-12-31,24020000000,2864000000,18703000000,2501000000,4080000000,,WFC,Financials
2022-09-30,21962000000,3592000000,18782000000,4476000000,6166000000,,WFC,Financials
2022-06-30,18398000000,3142000000,16460000000,3598000000,5370000000,,WFC,Financials
2022-03-31,18688000000,3788000000,18515000000,4664000000,6455000000,,WFC,Financials
2021-12-31,21715000000,5750000000,21308000000,8110000000,9910000000,,WFC,Financials
2021-09-30,19759000000,5122000000,20229000000,6926000000,8843000000,,WFC,Financials
2021-06-30,21163000000,6040000000,21530000000,8189000000,10212000000,,WFC,Financials
2021-03-31,19770000000,4636000000,19580000000,5591000000,7741000000,,WFC,Financials
2020-12-31,19279000000,2992000000,18104000000,3302000000,5594000000,,WFC,Financials
2020-09-30,20748000000,3216000000,18547000000,3318000000,5597000000,,WFC,Financials
2020-06-30,20207000000,-3846000000,8752000000,-5799000000,-3809000000,,WFC,Financials
2020-03-31,21132000000,653000000,13712000000,664000000,2532000000,,WFC,Financials
2019-12-31,24255000000,2873000000,19216000000,3602000000,5737000000,,WFC,Financials
2019-09-30,26884000000,4610000000,21315000000,6116000000,7956000000,,WFC,Financials
2019-06-30,26475000000,6206000000,21081000000,7632000000,9283000000,,WFC,Financials
2019-03-31,26301000000,5860000000,20764000000,6848000000,8297000000,,WFC,Financials
2018-12-31,25257000000,6064000000,20459000000,7120000000,8491000000,,WFC,Financials
2018-09-30,25733000000,6007000000,21361000000,7598000000,8985000000,,WFC,Financials
2018-06-30,25027000000,5186000000,21101000000,7119000000,8523000000,,WFC,Financials
2018-03-31,25043000000,5136000000,21743000000,6701000000,8132000000,,WFC,Financials
2017-12-31,23617000000,6320000000,20354000000,4841000000,6453000000,,WFC,Financials
2017-09-30,24444000000,4542000000,21132000000,6781000000,8097000000,,WFC,Financials
2017-06-30,24458000000,5856000000,21680000000,8139000000,9380000000,,WFC,Financials
2017-03-31,24144000000,5634000000,21650000000,7858000000,9095000000,,WFC,Financials
2016-12-31,22272000000,5274000000,19811000000,7562000000,8934000000,,WFC,Financials
2016-09-30,23723000000,5644000000,21383000000,8255000000,9620000000,,WFC,Financials
2016-06-30,23386000000,5558000000,20899000000,8222000000,9160000000,,WFC,Financials
2016-03-31,23256000000,5462000000,20865000000,8081000000,9376000000,,WFC,Financials
2015-12-31,22218000000,5575000000,20332000000,8156000000,9048000000,,WFC,Financials
2015-09-30,21943000000,5796000000,20252000000,8773000000,9611000000,,WFC,Financials
2015-06-30,21757000000,5719000000,20501000000,8549000000,9380000000,,WFC,Financials
2015-03-31,21885000000,5804000000,20300000000,8163000000,8890000000,,WFC,Financials
2014-12-31,22074000000,5709000000,20586000000,8311000000,8893000000,,WFC,Financials
2014-09-30,21524000000,5729000000,20133000000,8597000000,9227000000,,WFC,Financials
2014-06-30,21619000000,5726000000,20400000000,8655000000,9387000000,,WFC,Financials
2014-03-31,20775000000,5893000000,19453000000,8352000000,8923000000,,WFC,Financials
2013-12-31,21044000000,5610000000,19648000000,8217000000,9002000000,,WFC,Financials
2013-09-30,21004000000,5578000000,19901000000,8301000000,9166000000,,WFC,Financials
2013-06-30,22252000000,5519000000,20523000000,8471000000,9280000000,,WFC,Financials
2013-03-31,22297000000,5171000000,19927000000,7640000000,8474000000,,WFC,Financials
2012-12-31,22447000000,5090000000,19402000000,7221000000,7945000000,,WFC,Financials
2012-09-30,22312000000,4937000000,19458000000,7510000000,8209000000,,WFC,Financials
2012-06-30,22364000000,4622000000,19247000000,7092000000,7827000000,,WFC,Financials
2012-03-31,22639000000,4248000000,19277000000,6648000000,7297000000,,WFC,Financials
2011-12-31,22030000000,4107000000,18504000000,6057000000,6782000000,,WFC,Financials
2011-09-30,20920000000,4055000000,17473000000,6140000000,6655000000,,WFC,Financials
2011-06-30,21368000000,3948000000,17824000000,6073000000,6564000000,,WFC,Financials
2011-03-31,21797000000,3759000000,17766000000,5386000000,5863000000,,WFC,Financials
2010-12-31,23083000000,3414000000,18188000000,5165000000,5587000000,,WFC,Financials
2010-09-30,22775000000,3339000000,17298000000,5176000000,5343000000,,WFC,Financials
2010-06-30,23129000000,3062000000,17117000000,4659000000,5281000000,,WFC,Financials
2010-03-31,23483000000,2547000000,16075000000,4001000000,4714000000,,WFC,Financials
2009-12-31,24615000000,2823000000,16510000000,3962000000,4366000000,,WFC,Financials
2009-09-30,24721000000,3235000000,16326000000,4671000000,5568000000,,WFC,Financials
2009-06-30,25004000000,3172000000,17381000000,4724000000,5283000000,,WFC,Financials
2009-03-31,24111000000,3045000000,16616000000,4641000000,5622000000,,WFC,Financials
2008-12-31,12237000000,-2734000000,1789000000,-4770000000,-4255000000,,WFC,Financials
2008-09-30,13279000000,1637000000,8391000000,2381000000,2787000000,,WFC,Financials
2008-06-30,13682000000,1753000000,8401000000,2603000000,2983000000,,WFC,Financials
2008-03-31,13339000000,1999000000,8222000000,3093000000,3461000000,,WFC,Financials
2007-12-31,13225000000,1251000000,6859000000,1523000000,1914000000,,WFC,Financials
2007-09-30,13796000000,2283000000,8961000000,3460000000,3837000000,,WFC,Financials
2007-06-30,13268000000,2279000000,9171000000,3444000000,3826000000,,WFC,Financials
2007-03-31,12570000000,2244000000,8726000000,3200000000,3582000000,,WFC,Financials
2006-12-31,11856000000,2181000000,7949000000,3276000000,4247000000,,WFC,Financials
2006-09-30,12286000000,2194000000,8321000000,3240000000,4216000000,,WFC,Financials
2006-06-30,11882000000,2089000000,8357000000,3181000000,3915000000,,WFC,Financials
2006-03-31,11217000000,2018000000,8122000000,3048000000,3588000000,,WFC,Financials
2005-12-31,10897000000,1930000000,7789000000,2906000000,4065000000,,WFC,Financials
2005-09-30,10472000000,1975000000,7862000000,2973000000,3973000000,,WFC,Financials
2025-06-30,94036000000,23434000000,43718000000,28202000000,31032000000,,AAPL,Technology
2025-03-31,95359000000,24780000000,44867000000,29589000000,32250000000,,AAPL,Technology
2024-12-31,124300000000,36330000000,58275000000,42832000000,45912000000,,AAPL,Technology
2024-09-30,94930000000,14736000000,43879000000,29591000000,32502000000,,AAPL,Technology
2024-06-30,85777000000,21448000000,39678000000,25352000000,28202000000,,AAPL,Technology
2024-03-31,90753000000,23636000000,42271000000,27900000000,30736000000,,AAPL,Technology
2023-12-31,119575000000,33916000000,54855000000,40373000000,43221000000,,AAPL,Technology
2023-09-30,89498000000,22956000000,40427000000,26969000000,29622000000,,AAPL,Technology
2023-06-30,81797000000,19881000000,36413000000,22998000000,26050000000,,AAPL,Technology
2023-03-31,94836000000,24160000000,41976000000,28318000000,31216000000,,AAPL,Technology
2022-12-31,117154000000,29998000000,50332000000,36016000000,38932000000,,AAPL,Technology
2022-09-30,90146000000,20721000000,38095000000,24894000000,28349000000,,AAPL,Technology
2022-06-30,82959000000,19442000000,35885000000,23076000000,26590000000,,AAPL,Technology
2022-03-31,97278000000,25010000000,42559000000,29979000000,33567000000,,AAPL,Technology
2021-12-31,123945000000,34630000000,54243000000,41488000000,44632000000,,AAPL,Technology
2021-09-30,83360000000,20551000000,35174000000,23786000000,26909000000,,AAPL,Technology
2021-06-30,81434000000,21744000000,35255000000,24126000000,27866000000,,AAPL,Technology
2021-03-31,89584000000,23630000000,38079000000,27503000000,31478000000,,AAPL,Technology
2020-12-31,111439000000,28755000000,44328000000,33534000000,36883000000,,AAPL,Technology
2020-09-30,64698000000,12673000000,24689000000,14775000000,18237000000,,AAPL,Technology
2020-06-30,59685000000,11253000000,22680000000,13091000000,16586000000,,AAPL,Technology
2020-03-31,58313000000,11249000000,22370000000,12853000000,16678000000,,AAPL,Technology
2019-12-31,91819000000,22236000000,35217000000,25569000000,29519000000,,AAPL,Technology
2019-09-30,64040000000,13686000000,24313000000,15625000000,20116000000,,AAPL,Technology
2019-06-30,53809000000,10044000000,20227000000,11544000000,15710000000,,AAPL,Technology
2019-03-31,58015000000,11561000000,21821000000,13415000000,17843000000,,AAPL,Technology
2018-12-31,84310000000,19965000000,32031000000,23346000000,28191000000,,AAPL,Technology
2018-09-30,62900000000,14125000000,24084000000,16118000000,20043000000,,AAPL,Technology
2018-06-30,53265000000,11519000000,20421000000,12612000000,16795000000,,AAPL,Technology
2018-03-31,61137000000,13822000000,23422000000,15894000000,19699000000,,AAPL,Technology
2017-12-31,88293000000,20065000000,33912000000,26274000000,30509000000,,AAPL,Technology
2017-09-30,52579000000,10714000000,19931000000,13120000000,17067000000,,AAPL,Technology
2017-06-30,45408000000,8717000000,17488000000,10768000000,14264000000,,AAPL,Technology
2017-03-31,52896000000,11029000000,20591000000,14097000000,17546000000,,AAPL,Technology
2016-12-31,78351000000,17891000000,30176000000,23359000000,27692000000,,AAPL,Technology
2016-09-30,46852000000,9014000000,17813000000,11761000000,15186000000,,AAPL,Technology
2016-06-30,42358000000,7796000000,16106000000,10105000000,13404000000,,AAPL,Technology
2016-03-31,50557000000,10516000000,19921000000,13987000000,16940000000,,AAPL,Technology
2015-12-31,75872000000,18361000000,30423000000,24171000000,27803000000,,AAPL,Technology
2015-09-30,51501000000,11124000000,20548000000,14623000000,18419000000,,AAPL,Technology
2015-06-30,49605000000,10677000000,19681000000,14083000000,17758000000,,AAPL,Technology
2015-03-31,58010000000,13569000000,23656000000,18278000000,21206000000,,AAPL,Technology
2014-12-31,74599000000,18024000000,29741000000,24246000000,27122000000,,AAPL,Technology
2014-09-30,42123000000,8467000000,16009000000,11165000000,13556000000,,AAPL,Technology
2014-06-30,37432000000,7748000000,14735000000,10282000000,12530000000,,AAPL,Technology
2014-03-31,45646000000,10223000000,17947000000,13593000000,15790000000,,AAPL,Technology
2013-12-31,57594000000,13072000000,21846000000,17463000000,19937000000,,AAPL,Technology
2013-09-30,37472000000,7512000000,13871000000,10030000000,12009000000,,AAPL,Technology
2013-06-30,35323000000,6900000000,13024000000,9201000000,11182000000,,AAPL,Technology
2013-03-31,43603000000,9547000000,16349000000,12558000000,14597000000,,AAPL,Technology
2012-12-31,54512000000,13078000000,21060000000,17210000000,19260000000,,AAPL,Technology
2012-09-30,35966000000,8223000000,14401000000,10944000000,11925000000,,AAPL,Technology
2012-06-30,35023000000,8824000000,14994000000,11573000000,12696000000,,AAPL,Technology
2012-03-31,39186000000,11622000000,18564000000,15384000000,16124000000,,AAPL,Technology
2011-12-31,46333000000,13064000000,20703000000,17340000000,18061000000,,AAPL,Technology
2011-09-30,28270000000,6623000000,11380000000,8710000000,9253000000,,AAPL,Technology
2011-06-30,28571000000,7308000000,11922000000,9379000000,9860000000,,AAPL,Technology
2011-03-31,24667000000,5987000000,10218000000,7874000000,8308000000,,AAPL,Technology
2010-12-31,26741000000,6004000000,10298000000,7827000000,8183000000,,AAPL,Technology
2010-09-30,20343000000,4308000000,7512000000,5447000000,5776000000,,AAPL,Technology
2010-06-30,15700000000,3253000000,6136000000,4234000000,4507000000,,AAPL,Technology
2010-03-31,13499000000,3074000000,5625000000,3979000000,4195000000,,AAPL,Technology
2009-12-31,15683000000,3378000000,6411000000,4725000000,4934000000,,AAPL,Technology
2009-09-30,9870000000,1665000000,3614000000,2193000000,2390000000,,AAPL,Technology
2009-06-30,9734000000,1828000000,3983000000,2632000000,2814000000,,AAPL,Technology
2009-03-31,9084000000,1620000000,3627000000,2323000000,2504000000,,AAPL,Technology
2008-12-31,11880000000,2255000000,4507000000,3101000000,3269000000,,AAPL,Technology
2008-09-30,7895000000,1136000000,2739000000,1442000000,1576000000,,AAPL,Technology
2008-06-30,7464000000,1072000000,2600000000,1392000000,1509000000,,AAPL,Technology
2008-03-31,7512000000,1045000000,2474000000,1315000000,1431000000,,AAPL,Technology
2007-12-31,9608000000,1581000000,3332000000,2126000000,2232000000,,AAPL,Technology
2007-09-30,6217000000,904000000,2090000000,1060000000,1153000000,,AAPL,Technology
2007-06-30,5410000000,818000000,1995000000,1041000000,1122000000,,AAPL,Technology
2007-03-31,5264000000,770000000,1849000000,986000000,1055000000,,AAPL,Technology
2006-12-31,7115000000,1004000000,2220000000,1322000000,1396000000,,AAPL,Technology
2006-09-30,4370000000,542000000,1412000000,608000000,718000000,,AAPL,Technology
2006-06-30,4370000000,472000000,1325000000,566000000,623000000,,AAPL,Technology
2006-03-31,4359000000,410000000,1297000000,529000000,579000000,,AAPL,Technology
2005-12-31,5749000000,565000000,1564000000,750000000,802000000,,AAPL,Technology
2005-09-30,3678000000,430000000,1035000000,418000000,469000000,,AAPL,Technology
2005-06-30,3520000000,319000000,1044000000,426000000,472000000,,AAPL,Technology
2025-06-30,76441000000,27233000000,52427000000,34323000000,44434000000,,MSFT,Technology
2025-03-31,70066000000,25824000000,48147000000,32000000000,40711000000,,MSFT,Technology
2024-12-31,69632000000,24108000000,47833000000,31653000000,36786000000,,MSFT,Technology
2024-09-30,65585000000,24667000000,45486000000,30552000000,38234000000,,MSFT,Technology
2024-06-30,64727000000,22036000000,45043000000,27925000000,34331000000,,MSFT,Technology
2024-03-31,61858000000,21939000000,43353000000,27581000000,33554000000,,MSFT,Technology
2023-12-31,62020000000,21870000000,42397000000,27032000000,33394000000,,MSFT,Technology
2023-09-30,56517000000,22291000000,40215000000,26895000000,31730000000,,MSFT,Technology
2023-06-30,56189000000,20081000000,39394000000,24254000000,28128000000,,MSFT,Technology
2023-03-31,52857000000,18299000000,36729000000,22352000000,26718000000,,MSFT,Technology
2022-12-31,52747000000,16425000000,35259000000,20399000000,24047000000,,MSFT,Technology
2022-09-30,50122000000,17556000000,34670000000,21518000000,24918000000,,MSFT,Technology
2022-06-30,51865000000,16740000000,35436000000,20534000000,24962000000,,MSFT,Technology
2022-03-31,49360000000,16728000000,33745000000,20364000000,24466000000,,MSFT,Technology
2021-12-31,51728000000,18765000000,34768000000,22247000000,26536000000,,MSFT,Technology
2021-09-30,45317000000,20505000000,31671000000,20238000000,24275000000,,MSFT,Technology
2021-06-30,46152000000,16458000000,32161000000,19095000000,23302000000,,MSFT,Technology
2021-03-31,41706000000,15457000000,28661000000,17048000000,20805000000,,MSFT,Technology
2020-12-31,43076000000,15463000000,28882000000,17897000000,21669000000,,MSFT,Technology
2020-09-30,37154000000,13893000000,26152000000,15876000000,19358000000,,MSFT,Technology
2020-06-30,38033000000,11202000000,25694000000,13407000000,17612000000,,MSFT,Technology
2020-03-31,35021000000,10752000000,24046000000,12975000000,16575000000,,MSFT,Technology
2019-12-31,36906000000,11649000000,24548000000,13891000000,17942000000,,MSFT,Technology
2019-09-30,33055000000,10678000000,22649000000,12686000000,16294000000,,MSFT,Technology
2019-06-30,33717000000,13187000000,23305000000,12405000000,16189000000,,MSFT,Technology
2019-03-31,30571000000,8809000000,20401000000,10341000000,14083000000,,MSFT,Technology
2018-12-31,32471000000,8420000000,20048000000,10258000000,14052000000,,MSFT,Technology
2018-09-30,29084000000,8824000000,19179000000,9955000000,13732000000,,MSFT,Technology
2018-06-30,30085000000,8873000000,20343000000,10379000000,13868000000,,MSFT,Technology
2018-03-31,26819000000,7424000000,17550000000,8292000000,12042000000,,MSFT,Technology
2017-12-31,28918000000,-6302000000,17854000000,8679000000,12403000000,,MSFT,Technology
2017-09-30,24538000000,6576000000,16260000000,7708000000,11155000000,,MSFT,Technology
2017-06-30,23317000000,6513000000,14861000000,5330000000,8543000000,,MSFT,Technology
2017-03-31,23212000000,5486000000,15152000000,6723000000,10156000000,,MSFT,Technology
2016-12-31,25826000000,6267000000,15925000000,7905000000,10709000000,,MSFT,Technology
2016-09-30,21928000000,5667000000,14084000000,6715000000,9080000000,,MSFT,Technology
2016-06-30,20614000000,3122000000,12635000000,3080000000,5602000000,,MSFT,Technology
2016-03-31,20531000000,3756000000,12809000000,5283000000,7083000000,,MSFT,Technology
2015-12-31,23796000000,5018000000,13924000000,6026000000,7708000000,,MSFT,Technology
2015-09-30,20379000000,4902000000,13172000000,5793000000,7223000000,,MSFT,Technology
2015-06-30,22180000000,-3195000000,14712000000,-2053000000,-16000000,,MSFT,Technology
2015-03-31,21729000000,4985000000,14568000000,6594000000,8243000000,,MSFT,Technology
2014-12-31,26470000000,5863000000,16334000000,7776000000,9533000000,,MSFT,Technology
2014-09-30,23201000000,4540000000,14928000000,5844000000,7485000000,,MSFT,Technology
2014-06-30,23382000000,4612000000,15787000000,6482000000,8488000000,,MSFT,Technology
2014-03-31,20403000000,5660000000,14425000000,6974000000,8387000000,,MSFT,Technology
2013-12-31,24519000000,6558000000,16197000000,7969000000,9274000000,,MSFT,Technology
2013-09-30,18529000000,5244000000,13384000000,6334000000,7480000000,,MSFT,Technology
2013-06-30,19896000000,4965000000,14294000000,6073000000,7248000000,,MSFT,Technology
2013-03-31,20489000000,6055000000,15702000000,7612000000,8765000000,,MSFT,Technology
2012-12-31,21456000000,6377000000,15764000000,7771000000,8884000000,,MSFT,Technology
2012-09-30,16008000000,4466000000,11840000000,5308000000,6339000000,,MSFT,Technology
2012-06-30,18059000000,-492000000,13896000000,192000000,1873000000,,MSFT,Technology
2012-03-31,17407000000,5108000000,13455000000,6374000000,7224000000,,MSFT,Technology
2011-12-31,20885000000,6624000000,15247000000,7994000000,9012000000,,MSFT,Technology
2011-09-30,17372000000,5738000000,13595000000,7203000000,8126000000,,MSFT,Technology
2011-06-30,17367000000,5874000000,13659000000,6171000000,7102000000,,MSFT,Technology
2011-03-31,16428000000,5232000000,12531000000,5709000000,6429000000,,MSFT,Technology
2010-12-31,19953000000,6634000000,15120000000,8165000000,9232000000,,MSFT,Technology
2010-09-30,16195000000,5410000000,13056000000,7116000000,7969000000,,MSFT,Technology
2010-06-30,16039000000,4518000000,12869000000,5930000000,7714000000,,MSFT,Technology
2010-03-31,14503000000,4006000000,11748000000,5173000000,6073000000,,MSFT,Technology
2009-12-31,19022000000,6662000000,15394000000,8513000000,9536000000,,MSFT,Technology
2009-09-30,12920000000,3574000000,10078000000,4482000000,5449000000,,MSFT,Technology
2009-06-30,13099000000,3045000000,10513000000,3987000000,4668000000,,MSFT,Technology
2009-03-31,13648000000,2977000000,10834000000,4438000000,5102000000,,MSFT,Technology
2008-12-31,16629000000,4174000000,12722000000,5939000000,6571000000,,MSFT,Technology
2008-09-30,15061000000,4373000000,12213000000,5999000000,6584000000,,MSFT,Technology
2008-06-30,15837000000,4297000000,12971000000,5684000000,6292000000,,MSFT,Technology
2008-03-31,14454000000,4388000000,11940000000,4409000000,4941000000,,MSFT,Technology
2007-12-31,16367000000,4707000000,12824000000,6481000000,6962000000,,MSFT,Technology
2007-09-30,13762000000,4289000000,11087000000,5918000000,6353000000,,MSFT,Technology
2007-06-30,13371000000,3035000000,10134000000,3989000000,4370000000,,MSFT,Technology
2007-03-31,14398000000,4926000000,12258000000,6589000000,7034000000,,MSFT,Technology
2006-12-31,12542000000,2626000000,8922000000,3472000000,3837000000,,MSFT,Technology
2006-09-30,10811000000,3478000000,9115000000,4474000000,4723000000,,MSFT,Technology
2006-06-30,11804000000,2828000000,9674000000,3881000000,4142000000,,MSFT,Technology
2006-03-31,10900000000,2977000000,8872000000,3888000000,4065000000,,MSFT,Technology
2005-12-31,11837000000,3653000000,9598000000,4657000000,4888000000,,MSFT,Technology
2005-09-30,9741000000,3141000000,8488000000,4046000000,4280000000,,MSFT,Technology
2005-06-30,10161000000,3700000000,8751000000,2989000000,3271000000,,MSFT,Technology
2025-06-30,96428000000,28196000000,57389000000,31271000000,39192000000,,GOOGL,Technology
2025-03-31,90234000000,34540000000,53873000000,30606000000,46310000000,,GOOGL,Technology
2024-12-31,96469000000,26536000000,55856000000,30972000000,36501000000,,GOOGL,Technology
2024-09-30,88268000000,26301000000,51794000000,28521000000,35745000000,,GOOGL,Technology
2024-06-30,84742000000,23619000000,49235000000,27425000000,31326000000,,GOOGL,Technology
2024-03-31,80539000000,23662000000,46827000000,25472000000,31822000000,,GOOGL,Technology
2023-12-31,86310000000,20687000000,48735000000,23697000000,26044000000,,GOOGL,Technology
2023-09-30,76693000000,19689000000,43464000000,21343000000,24484000000,,GOOGL,Technology
2023-06-30,74604000000,18368000000,42688000000,21838000000,24770000000,,GOOGL,Technology
2023-03-31,69787000000,15051000000,39175000000,17415000000,20920000000,,GOOGL,Technology
2022-12-31,76048000000,13624000000,40706000000,18160000000,21438000000,,GOOGL,Technology
2022-09-30,69092000000,13910000000,37934000000,17135000000,20380000000,,GOOGL,Technology
2022-06-30,69685000000,16002000000,39581000000,19453000000,22996000000,,GOOGL,Technology
2022-03-31,68011000000,16436000000,38412000000,20094000000,22799000000,,GOOGL,Technology
2021-12-31,75325000000,20642000000,42337000000,21885000000,27958000000,,GOOGL,Technology
2021-09-30,65118000000,18936000000,37497000000,21031000000,26445000000,,GOOGL,Technology
2021-06-30,61880000000,18525000000,35653000000,19361000000,25006000000,,GOOGL,Technology
2021-03-31,55314000000,17930000000,31211000000,16437000000,24112000000,,GOOGL,Technology
2020-12-31,56898000000,15227000000,30818000000,15651000000,22467000000,,GOOGL,Technology
2020-09-30,46173000000,11247000000,25056000000,11213000000,16885000000,,GOOGL,Technology
2020-06-30,38297000000,6959000000,19744000000,6383000000,11676000000,,GOOGL,Technology
2020-03-31,41159000000,6836000000,22177000000,7977000000,10886000000,,GOOGL,Technology
2019-12-31,46075000000,10671000000,25055000000,9266000000,14134000000,,GOOGL,Technology
2019-09-30,40499000000,7068000000,22931000000,9177000000,11571000000,,GOOGL,Technology
2019-06-30,38944000000,9947000000,21648000000,9180000000,15007000000,,GOOGL,Technology
2019-03-31,36339000000,6657000000,20327000000,6608000000,10794000000,,GOOGL,Technology
2018-12-31,39276000000,8948000000,21358000000,8203000000,12681000000,,GOOGL,Technology
2018-09-30,33740000000,9192000000,19459000000,8625000000,12466000000,,GOOGL,Technology
2018-06-30,32657000000,3195000000,18774000000,3045000000,6356000000,,GOOGL,Technology
2018-03-31,31146000000,9401000000,17679000000,7633000000,12559000000,,GOOGL,Technology
2017-12-31,32323000000,-3020000000,18056000000,7664000000,10080000000,,GOOGL,Technology
2017-09-30,27772000000,6732000000,16624000000,7782000000,9767000000,,GOOGL,Technology
2017-06-30,26010000000,3524000000,15637000000,4132000000,6023000000,,GOOGL,Technology
2017-03-31,24750000000,5426000000,14955000000,6568000000,8347000000,,GOOGL,Technology
2016-12-31,26064000000,5333000000,15403000000,6639000000,8577000000,,GOOGL,Technology
2016-09-30,22451000000,5061000000,13752000000,5767000000,7670000000,,GOOGL,Technology
2016-06-30,21500000000,4877000000,13370000000,5968000000,7641000000,,GOOGL,Technology
2016-03-31,20257000000,4207000000,12609000000,5342000000,6530000000,,GOOGL,Technology
2015-12-31,21329000000,4923000000,13141000000,5380000000,6630000000,,GOOGL,Technology
2015-09-30,18675000000,3979000000,11638000000,4708000000,6165000000,,GOOGL,Technology
2015-06-30,17727000000,3931000000,11144000000,4825000000,6216000000,,GOOGL,Technology
2015-03-31,17258000000,3515000000,10902000000,4447000000,5807000000,,GOOGL,Technology
2014-12-31,18103000000,4757000000,11182000000,4399000000,5819000000,,GOOGL,Technology
2014-09-30,16523000000,2739000000,9828000000,3724000000,5429000000,,GOOGL,Technology
2014-06-30,15955000000,3351000000,9841000000,4258000000,5509000000,,GOOGL,Technology
2014-03-31,15420000000,3452000000,9459000000,4115000000,5582000000,,GOOGL,Technology
2013-12-31,16858000000,3376000000,9420000000,3922000000,5104000000,,GOOGL,Technology
2013-09-30,13754000000,2970000000,8345000000,3761000000,4768000000,,GOOGL,Technology
2013-06-30,13107000000,3228000000,7912000000,3465000000,4750000000,,GOOGL,Technology
2013-03-31,12951000000,3346000000,7815000000,3748000000,4802000000,,GOOGL,Technology
2012-12-31,13215000000,2886000000,7937000000,3432000000,4559000000,,GOOGL,Technology
2012-09-30,13304000000,2176000000,7349000000,2740000000,3654000000,,GOOGL,Technology
2012-06-30,11807000000,2785000000,7130000000,3237000000,4182000000,,GOOGL,Technology
2012-03-31,10645000000,2890000000,6856000000,3389000000,4076000000,,GOOGL,Technology
2011-12-31,10583000000,2704000000,6880000000,3507000000,4012000000,,GOOGL,Technology
2011-09-30,9720000000,2729000000,6342000000,3058000000,3873000000,,GOOGL,Technology
2011-06-30,9026000000,2505000000,5854000000,2881000000,3553000000,,GOOGL,Technology
2011-03-31,8575000000,1798000000,5639000000,2296000000,2797000000,,GOOGL,Technology
2010-12-31,8440000000,2543000000,5494000000,2982000000,3363000000,,GOOGL,Technology
2010-09-30,7286000000,2167000000,4734000000,2547000000,3056000000,,GOOGL,Technology
2010-06-30,6820000000,1840000000,4353000000,2365000000,2707000000,,GOOGL,Technology
2010-03-31,6775000000,1955000000,4323000000,2488000000,2819000000,,GOOGL,Technology
2009-12-31,6673863000,1974100000,4265463000,2480983000,2846527000,,GOOGL,Technology
2009-09-30,5945000000,1639000000,3719000000,2074000000,2453000000,,GOOGL,Technology
2009-06-30,5523000000,1485000000,3415000000,1874000000,2251000000,,GOOGL,Technology
2009-03-31,5509000000,1423000000,3407000000,1884000000,2287000000,,GOOGL,Technology
2008-12-31,5700950000,382442000,3510945000,1860205000,2245761000,,GOOGL,Technology
2008-09-30,5541400000,1289938000,3368010000,1647565000,2033820000,,GOOGL,Technology
2008-06-30,5367200000,1247391000,3219625000,1577965000,1969560000,,GOOGL,Technology
2008-03-31,5186000000,1307086000,3075464000,1546235000,1882716000,,GOOGL,Technology
2007-12-31,4826686000,1206449000,2870862000,1440734000,1898134000,,GOOGL,Technology
2007-09-30,4231400000,1069989000,2568821000,1317842000,1567266000,,GOOGL,Technology
2007-06-30,3872000000,925120000,2311745000,1104615000,1327985000,,GOOGL,Technology
2007-03-31,3664000000,1002162000,2193574000,1221209000,1557271000,,GOOGL,Technology
2006-12-31,3205498000,1030717000,1922350000,1060594000,912734000,,GOOGL,Technology
2006-09-30,2689700000,733361000,1640972000,931331000,1184842000,,GOOGL,Technology
2006-06-30,2456000000,721077000,1466968000,815372000,1102575000,,GOOGL,Technology
2006-03-31,2253800000,592291000,1349681000,742699000,921784000,,GOOGL,Technology
2005-12-31,1919092000,372208000,1143711000,569639000,664364000,,GOOGL,Technology
2005-09-30,1578456000,381182000,923302000,529171000,626321000,,GOOGL,Technology
2005-06-30,1384495000,342814000,787400000,475698000,542627000,,GOOGL,Technology
2025-06-30,167702000000,18164000000,86893000000,19171000000,36600000000,,AMZN,Technology
2025-03-31,155667000000,17127000000,78691000000,18405000000,36482000000,,AMZN,Technology
2024-12-31,187792000000,20004000000,88899000000,21203000000,38550000000,,AMZN,Technology
2024-09-30,158877000000,15328000000,77900000000,17411000000,32082000000,,AMZN,Technology
2024-06-30,147977000000,13485000000,74192000000,14769000000,26807000000,,AMZN,Technology
2024-03-31,143313000000,10431000000,70680000000,15307000000,26991000000,,AMZN,Technology
2023-12-31,169961000000,10624000000,77408000000,13209000000,27029000000,,AMZN,Technology
2023-09-30,143083000000,9879000000,68061000000,11188000000,23319000000,,AMZN,Technology
2023-06-30,134383000000,6750000000,65010000000,7681000000,19270000000,,AMZN,Technology
2023-03-31,127358000000,3172000000,59567000000,4774000000,15897000000,,AMZN,Technology
2022-12-31,149204000000,278000000,63564000000,2547000000,15232000000,,AMZN,Technology
2022-09-30,127101000000,2872000000,56833000000,2525000000,12729000000,,AMZN,Technology
2022-06-30,121234000000,-2028000000,54810000000,3317000000,13033000000,,AMZN,Technology
2022-03-31,116444000000,-3844000000,49945000000,3669000000,12862000000,,AMZN,Technology
2021-12-31,137412000000,14323000000,54577000000,3460000000,13262000000,,AMZN,Technology
2021-09-30,110812000000,3156000000,47882000000,4852000000,13800000000,,AMZN,Technology
2021-06-30,113080000000,7778000000,48904000000,7702000000,15740000000,,AMZN,Technology
2021-03-31,108518000000,8107000000,46115000000,8865000000,16373000000,,AMZN,Technology
2020-12-31,125555000000,7222000000,46271000000,6873000000,14491000000,,AMZN,Technology
2020-09-30,96145000000,6331000000,39039000000,6194000000,12717000000,,AMZN,Technology
2020-06-30,88912000000,5243000000,36252000000,5843000000,11591000000,,AMZN,Technology
2020-03-31,75452000000,2535000000,31195000000,3989000000,9351000000,,AMZN,Technology
2019-12-31,87436000000,3268000000,21267000000,3880000000,10050000000,,AMZN,Technology
2019-09-30,69981000000,2134000000,28679000000,3020000000,8583000000,,AMZN,Technology
2019-06-30,63404000000,2625000000,27067000000,3084000000,8286000000,,AMZN,Technology
2019-03-31,59700000000,3561000000,25780000000,4420000000,9274000000,,AMZN,Technology
2018-12-31,72383000000,3027000000,27597000000,3786000000,8048000000,,AMZN,Technology
2018-09-30,56576000000,2883000000,23573000000,3724000000,7502000000,,AMZN,Technology
2018-06-30,52886000000,2534000000,22254000000,2983000000,6613000000,,AMZN,Technology
2018-03-31,51042000000,1629000000,20307000000,1927000000,5598000000,,AMZN,Technology
2017-12-31,60453000000,1856000000,21959000000,2127000000,5625000000,,AMZN,Technology
2017-09-30,43744000000,256000000,16195000000,347000000,3131000000,,AMZN,Technology
2017-06-30,37955000000,197000000,14504000000,628000000,3116000000,,AMZN,Technology
2017-03-31,35714000000,724000000,13274000000,1005000000,3290000000,,AMZN,Technology
2016-12-31,43741000000,749000000,-18922000000,1255000000,3552000000,,AMZN,Technology
2016-09-30,32714000000,252000000,11454000000,575000000,2499000000,,AMZN,Technology
2016-06-30,30404000000,857000000,11224000000,1285000000,3034000000,,AMZN,Technology
2016-03-31,29128000000,513000000,10262000000,1071000000,2737000000,,AMZN,Technology
2015-12-31,35747000000,482000000,11406000000,1109000000,2694000000,,AMZN,Technology
2015-09-30,25358000000,79000000,8603000000,406000000,1846000000,,AMZN,Technology
2015-06-30,23185000000,92000000,8025000000,464000000,1811000000,,AMZN,Technology
2015-03-31,22717000000,-57000000,7322000000,255000000,1529000000,,AMZN,Technology
2014-12-31,29329000000,214000000,8657000000,590000000,1822000000,,AMZN,Technology
2014-09-30,20579000000,-437000000,5952000000,-544000000,565000000,,AMZN,Technology
2014-06-30,19340000000,-126000000,5941000000,-15000000,955000000,,AMZN,Technology
2014-03-31,19741000000,108000000,5686000000,146000000,1023000000,,AMZN,Technology
2013-12-31,25587000000,240000000,6781000000,510000000,1347000000,,AMZN,Technology
2013-09-30,17092000000,-41000000,4726000000,-25000000,692000000,,AMZN,Technology
2013-06-30,15704000000,-7000000,4495000000,79000000,728000000,,AMZN,Technology
2013-03-31,16070000000,82000000,4269000000,181000000,780000000,,AMZN,Technology
2012-12-31,21268000000,98000000,5131000000,405000000,973000000,,AMZN,Technology
2012-09-30,13806000000,-274000000,3487000000,-28000000,441000000,,AMZN,Technology
2012-06-30,12834000000,7000000,908000000,107000000,592000000,,AMZN,Technology
2012-03-31,13185000000,130000000,918000000,192000000,649000000,,AMZN,Technology
2011-12-31,17431000000,177000000,1080000000,260000000,619000000,,AMZN,Technology
2011-09-30,10876000000,63000000,661000000,79000000,357000000,,AMZN,Technology
2011-06-30,9913000000,191000000,749000000,201000000,445000000,,AMZN,Technology
2011-03-31,9857000000,201000000,815000000,322000000,524000000,,AMZN,Technology
2010-12-31,12947000000,416000000,1021000000,474000000,644000000,,AMZN,Technology
2010-09-30,7560000000,231000000,652000000,268000000,418000000,,AMZN,Technology
2010-06-30,6566000000,207000000,619000000,270000000,399000000,,AMZN,Technology
2010-03-31,7131000000,299000000,718000000,394000000,513000000,,AMZN,Technology
2009-12-31,9520000000,384000000,872000000,476000000,588000000,,AMZN,Technology
2009-09-30,5449000000,199000000,492000000,251000000,347000000,,AMZN,Technology
2009-06-30,4651000000,142000000,425000000,159000000,243000000,,AMZN,Technology
2009-03-31,4889000000,177000000,451000000,244000000,331000000,,AMZN,Technology
2008-12-31,6704000000,225000000,522000000,273000000,350000000,,AMZN,Technology
2008-09-30,4264000000,118000000,342000000,154000000,230000000,,AMZN,Technology
2008-06-30,4063000000,158000000,348000000,217000000,287000000,,AMZN,Technology
2008-03-31,4135000000,143000000,368000000,198000000,263000000,,AMZN,Technology
2007-12-31,5672000000,207000000,471000000,271000000,334000000,,AMZN,Technology
2007-09-30,3262000000,80000000,257000000,123000000,184000000,,AMZN,Technology
2007-06-30,2886000000,78000000,242000000,116000000,176000000,,AMZN,Technology
2007-03-31,3015000000,111000000,273000000,145000000,207000000,,AMZN,Technology
2006-12-31,3986000000,97000000,335000000,197000000,256000000,,AMZN,Technology
2006-09-30,2307000000,19000000,160000000,40000000,103000000,,AMZN,Technology
2006-06-30,2139000000,22000000,153000000,47000000,90000000,,AMZN,Technology
2006-03-31,2279000000,51000000,208000000,106000000,146000000,,AMZN,Technology
2005-12-31,2977000000,173000000,285000000,165000000,201000000,,AMZN,Technology
2005-09-30,1858000000,30000000,171000000,55000000,85000000,,AMZN,Technology
2005-06-30,1753000000,52000000,186000000,104000000,130000000,,AMZN,Technology
2025-07-31,46743000000,26422000000,33853000000,28440000000,28440000000,,NVDA,Technology
2025-04-30,44062000000,18775000000,26668000000,21638000000,22584000000,,NVDA,Technology
2025-01-31,39331000000,22091000000,28723000000,24034000000,25821000000,,NVDA,Technology
2024-10-31,35082000000,19309000000,26156000000,21869000000,22855000000,,NVDA,Technology
2024-07-31,30040000000,16599000000,22574000000,18642000000,19708000000,,NVDA,Technology
2024-04-30,26044000000,14881000000,20406000000,16909000000,17753000000,,NVDA,Technology
2024-01-31,22103000000,12285000000,16791000000,13614000000,14556000000,,NVDA,Technology
2023-10-31,18120000000,9243000000,13400000000,10417000000,10957000000,,NVDA,Technology
2023-07-31,13507000000,6188000000,9462000000,6800000000,7411000000,,NVDA,Technology
2023-04-30,7192000000,2043000000,4648000000,2140000000,2659000000,,NVDA,Technology
2023-01-31,6051000000,1414000000,3833000000,1256000000,1778000000,,NVDA,Technology
2022-10-31,5931000000,680000000,3177000000,601000000,1084000000,,NVDA,Technology
2022-07-31,6704000000,656000000,2915000000,499000000,918000000,,NVDA,Technology
2022-04-30,8288000000,1618000000,5431000000,1868000000,2207000000,,NVDA,Technology
2022-01-31,7643000000,3003000000,4999000000,2970000000,3235000000,,NVDA,Technology
2021-10-31,7103000000,2464000000,4631000000,2671000000,2998000000,,NVDA,Technology
2021-07-31,6507000000,2374000000,4215000000,2444000000,2740000000,,NVDA,Technology
2021-04-30,5661000000,1912000000,3629000000,1956000000,2378000000,,NVDA,Technology
2021-01-31,5003000000,1457000000,3156000000,1507000000,1811000000,,NVDA,Technology
2020-10-31,4726000000,1336000000,2960000000,1398000000,1700000000,,NVDA,Technology
2020-07-31,3866000000,622000000,2275000000,651000000,1067000000,,NVDA,Technology
2020-04-30,3080000000,917000000,2004000000,976000000,1113000000,,NVDA,Technology
2020-01-31,3105000000,951000000,2015000000,990000000,1135000000,,NVDA,Technology
2019-10-31,3014000000,899000000,1916000000,927000000,1064000000,,NVDA,Technology
2019-07-31,2579000000,552000000,1541000000,571000000,711000000,,NVDA,Technology
2019-04-30,2220000000,394000000,1296000000,358000000,493000000,,NVDA,Technology
2019-01-31,2205000000,566000000,1207000000,294000000,416000000,,NVDA,Technology
2018-10-31,3181000000,1230000000,1921000000,1058000000,1164000000,,NVDA,Technology
2018-07-31,3123000000,1101000000,1975000000,1157000000,1253000000,,NVDA,Technology
2018-04-30,3207000000,1244000000,2068000000,1295000000,1383000000,,NVDA,Technology
2018-01-31,2911000000,1119000000,1801000000,1073000000,1148000000,,NVDA,Technology
2017-10-31,2636000000,838000000,1569000000,895000000,960000000,,NVDA,Technology
2017-07-31,2230000000,583000000,1302000000,688000000,748000000,,NVDA,Technology
2017-04-30,1937000000,507000000,1150000000,554000000,599000000,,NVDA,Technology
2017-01-31,2173000000,654000000,1303000000,733000000,791000000,,NVDA,Technology
2016-10-31,2004000000,542000000,1183000000,639000000,685000000,,NVDA,Technology
2016-07-31,1428000000,261000000,826000000,317000000,376000000,,NVDA,Technology
2016-04-30,1305000000,208000000,751000000,245000000,298000000,,NVDA,Technology
2016-01-31,1401000000,208000000,791000000,252000000,312000000,,NVDA,Technology
2015-10-31,1305000000,246000000,734000000,245000000,305000000,,NVDA,Technology
2015-07-31,1153000000,26000000,634000000,76000000,133000000,,NVDA,Technology
2015-04-30,1151000000,134000000,653000000,176000000,238000000,,NVDA,Technology
2015-01-31,1250514000,193128000,699603000,231136000,293408000,,NVDA,Technology
2014-10-31,1225000000,173000000,676000000,213000000,275000000,,NVDA,Technology
2014-07-31,1103000000,128000000,619000000,163000000,223000000,,NVDA,Technology
2014-04-30,1103000000,137000000,604000000,151000000,229000000,,NVDA,Technology
2014-01-31,1144218000,146917000,619242000,166924000,246232000,,NVDA,Technology
2013-10-31,1053967000,118734000,584415000,140988000,205029000,,NVDA,Technology
2013-07-31,977238000,96448000,545538000,105534000,174496000,,NVDA,Technology
2013-04-30,954739000,77891000,518568000,82781000,148659000,,NVDA,Technology
2013-01-31,1106902000,173973000,585602000,183573000,259068000,,NVDA,Technology
2012-10-31,1204110000,209080000,636658000,252217000,309365000,,NVDA,Technology
2012-07-31,1044270000,119046000,540719000,139623000,195818000,,NVDA,Technology
2012-04-30,924877000,60437000,463364000,72826000,127317000,,NVDA,Technology
2012-01-31,953194000,116025000,490013000,122317000,192398000,,NVDA,Technology
2011-10-31,1066180000,178273000,556717000,197090000,249477000,,NVDA,Technology
2011-07-31,1016517000,151573000,525284000,174030000,226189000,,NVDA,Technology
2011-04-30,962039000,135219000,484503000,154862000,202626000,,NVDA,Technology
2011-01-31,886376000,171651000,426359000,179778000,244720000,,NVDA,Technology
2010-10-31,843912000,84862000,392062000,103783000,150659000,,NVDA,Technology
2010-07-31,811208000,-140961000,134292000,-175207000,-128634000,,NVDA,Technology
2010-04-30,1001813000,137594000,456377000,147393000,194540000,,NVDA,Technology
2010-01-31,982488000,131076000,438721000,134282000,202167000,,NVDA,Technology
2009-10-31,903206000,107577000,391783000,107845000,156615000,,NVDA,Technology
2009-07-31,776520000,-105302000,156723000,-110107000,-60785000,,NVDA,Technology
2009-04-30,664231000,-201338000,189696000,-230965000,-180307000,,NVDA,Technology
2009-01-31,481140000,-147665000,141666000,-175083000,-108498000,,NVDA,Technology
2008-10-31,897655000,61748000,367843000,56796000,114438000,,NVDA,Technology
2008-07-31,892676000,-120929000,149917000,-155392000,-109086000,,NVDA,Technology
2008-04-30,1153388000,176805000,514843000,202979000,244337000,,NVDA,Technology
2008-01-31,1202730000,256993000,549597000,262499000,299435000,,NVDA,Technology
2007-10-31,1115597000,235661000,515553000,247841000,280871000,,NVDA,Technology
2007-07-31,935253000,172732000,423992000,184760000,216652000,,NVDA,Technology
2007-04-30,844280000,132259000,380138000,141246000,172580000,,NVDA,Technology
2007-01-31,878873000,163506000,385706000,138514000,172806000,,NVDA,Technology
2006-10-31,820572000,106511000,333942000,117613000,142644000,,NVDA,Technology
2006-07-31,687500000,86800000,292100000,95800000,120000000,,NVDA,Technology
2006-04-30,681807000,90676000,288757000,100685000,124716000,,NVDA,Technology
2006-01-31,633614000,98052000,254940000,112342000,136130000,,NVDA,Technology
2005-10-31,583415000,64447000,227995000,69572000,94094000,,NVDA,Technology
2005-07-31,574812000,73833000,217375000,77593000,102363000,,NVDA,Technology
2025-06-30,23576000000,5262000000,7712000000,3571000000,4888000000,,DIS,Communication Services
2025-03-31,23621000000,3275000000,8811000000,3506000000,4882000000,,DIS,Communication Services
2024-12-31,24690000000,2554000000,9284000000,4078000000,5423000000,,DIS,Communication Services
2024-09-30,22574000000,460000000,8344000000,2745000000,2765000000,,DIS,Communication Services
2024-06-30,23155000000,2621000000,8446000000,3354000000,4822000000,,DIS,Communication Services
2024-03-31,22083000000,-20000000,7911000000,2879000000,2400000000,,DIS,Communication Services
2023-12-31,23549000000,1911000000,7962000000,2936000000,4642000000,,DIS,Communication Services
2023-09-30,21241000000,264000000,7513000000,2529000000,3938000000,,DIS,Communication Services
2023-06-30,22330000000,-460000000,7859000000,2641000000,4363000000,,DIS,Communication Services
2023-03-31,21815000000,1271000000,7199000000,2275000000,3937000000,,DIS,Communication Services
2022-12-31,23512000000,1279000000,7126000000,1993000000,3544000000,,DIS,Communication Services
2022-09-30,20150000000,254000000,542000000,-570000000,747000000,,DIS,Communication Services
2022-06-30,21504000000,1409000000,7822000000,2432000000,3789000000,,DIS,Communication Services
2022-03-31,19249000000,470000000,6655000000,1600000000,2763000000,,DIS,Communication Services
2021-12-31,21819000000,1104000000,7252000000,2196000000,3318000000,,DIS,Communication Services
2021-09-30,18534000000,159000000,6193000000,599000000,1703000000,,DIS,Communication Services
2021-06-30,17022000000,918000000,5789000000,1355000000,2674000000,,DIS,Communication Services
2021-03-31,15613000000,901000000,5831000000,1446000000,2953000000,,DIS,Communication Services
2020-12-31,16249000000,17000000,4474000000,259000000,1748000000,,DIS,Communication Services
2020-09-30,14707000000,-710000000,3694000000,-453000000,1063000000,,DIS,Communication Services
2020-06-30,11779000000,-4721000000,3883000000,51000000,-3007000000,,DIS,Communication Services
2020-03-31,18025000000,460000000,6088000000,1361000000,2750000000,,DIS,Communication Services
2019-12-31,20877000000,2107000000,7843000000,2835000000,4287000000,,DIS,Communication Services
2019-09-30,19100000000,1054000000,7278000000,2285000000,2967000000,,DIS,Communication Services
2019-06-30,20262000000,1760000000,7425000000,2751000000,3787000000,,DIS,Communication Services
2019-03-31,14922000000,5452000000,6546000000,3388000000,8263000000,,DIS,Communication Services
2018-12-31,15303000000,2788000000,6302000000,3418000000,4326000000,,DIS,Communication Services
2018-09-30,14307000000,2322000000,6199000000,3083000000,4185000000,,DIS,Communication Services
2018-06-30,15229000000,2916000000,6881000000,3924000000,4773000000,,DIS,Communication Services
2018-03-31,14548000000,2937000000,7007000000,4037000000,4831000000,,DIS,Communication Services
2017-12-31,15351000000,4423000000,6622000000,3793000000,4633000000,,DIS,Communication Services
2017-09-30,12779000000,1747000000,5565000000,2629000000,3539000000,,DIS,Communication Services
2017-06-30,14238000000,2366000000,6521000000,3788000000,4463000000,,DIS,Communication Services
2017-03-31,13336000000,2388000000,6367000000,3750000000,4542000000,,DIS,Communication Services
2016-12-31,14784000000,2479000000,6378000000,3706000000,4533000000,,DIS,Communication Services
2016-09-30,13142000000,1771000000,5837000000,2861000000,3689000000,,DIS,Communication Services
2016-06-30,14277000000,2597000000,7076000000,4145000000,4897000000,,DIS,Communication Services
2016-03-31,12969000000,2143000000,6105000000,3363000000,4132000000,,DIS,Communication Services
2015-12-31,15244000000,2880000000,6621000000,3989000000,5031000000,,DIS,Communication Services
2015-09-30,13512000000,1609000000,6157000000,3148000000,3895000000,,DIS,Communication Services
2015-06-30,13101000000,2483000000,6438000000,3762000000,4599000000,,DIS,Communication Services
2015-03-31,12461000000,2108000000,5771000000,3106000000,3970000000,,DIS,Communication Services
2014-12-31,13391000000,2182000000,5735000000,3208000000,4023000000,,DIS,Communication Services
2014-09-30,12389000000,1499000000,13249000000,2396000000,3123000000,,DIS,Communication Services
2014-06-30,12466000000,2245000000,6102000000,3498000000,4301000000,,DIS,Communication Services
2014-03-31,11649000000,1917000000,5677000000,2981000000,3822000000,,DIS,Communication Services
2013-12-31,12309000000,1840000000,5244000000,2665000000,3582000000,,DIS,Communication Services
2013-09-30,11568000000,1394000000,2159000000,2159000000,2864000000,,DIS,Communication Services
2013-06-30,11578000000,1847000000,3004000000,3004000000,3755000000,,DIS,Communication Services
2013-03-31,10554000000,1513000000,2195000000,2195000000,2908000000,,DIS,Communication Services
2012-12-31,11341000000,1382000000,2092000000,2092000000,2634000000,,DIS,Communication Services
2012-09-30,10782000000,1244000000,2024000000,2024000000,2721000000,,DIS,Communication Services
2012-06-30,11088000000,1831000000,2960000000,2960000000,3666000000,,DIS,Communication Services
2012-03-31,9629000000,1143000000,1687000000,1687000000,2490000000,,DIS,Communication Services
2011-12-31,10779000000,1464000000,2192000000,2192000000,2842000000,,DIS,Communication Services
2011-09-30,10425000000,1087000000,1867000000,1867000000,2476000000,,DIS,Communication Services
2011-06-30,10675000000,1476000000,2446000000,2446000000,3097000000,,DIS,Communication Services
2011-03-31,9077000000,942000000,1528000000,1528000000,2135000000,,DIS,Communication Services
2010-12-31,10716000000,1302000000,1940000000,1940000000,2611000000,,DIS,Communication Services
2010-09-30,9742000000,835000000,1521000000,1521000000,1956000000,,DIS,Communication Services
2010-06-30,10002000000,1331000000,2279000000,2279000000,2871000000,,DIS,Communication Services
2010-03-31,8580000000,953000000,1512000000,1512000000,2106000000,,DIS,Communication Services
2009-12-31,9739000000,844000000,1414000000,1414000000,1863000000,,DIS,Communication Services
2009-09-30,9867000000,895000000,1595000000,1595000000,2210000000,,DIS,Communication Services
2009-06-30,8596000000,954000000,1598000000,1598000000,2195000000,,DIS,Communication Services
2009-03-31,8087000000,613000000,1287000000,1287000000,1535000000,,DIS,Communication Services
2008-12-31,9599000000,845000000,1217000000,1217000000,1874000000,,DIS,Communication Services
2008-09-30,9445000000,760000000,1452000000,1452000000,1856000000,,DIS,Communication Services
2008-06-30,9236000000,1284000000,2021000000,2021000000,2630000000,,DIS,Communication Services
2008-03-31,8710000000,1133000000,1898000000,1898000000,2472000000,,DIS,Communication Services
2007-12-31,10452000000,1250000000,2033000000,2033000000,2418000000,,DIS,Communication Services
2007-09-30,8930000000,877000000,1571000000,1571000000,1963000000,,DIS,Communication Services
2007-06-30,9045000000,1178000000,2023000000,2023000000,2388000000,,DIS,Communication Services
2007-03-31,7954000000,931000000,1513000000,1513000000,1873000000,,DIS,Communication Services
2006-12-31,9581000000,1701000000,1674000000,1674000000,2048000000,,DIS,Communication Services
2006-09-30,8784000000,782000000,1343000000,1343000000,1691000000,,DIS,Communication Services
2006-06-30,8474000000,1125000000,1740000000,1740000000,2096000000,,DIS,Communication Services
2006-03-31,8027000000,733000000,1186000000,1186000000,1543000000,,DIS,Communication Services
2005-12-31,8854000000,734000000,1161000000,1161000000,1530000000,,DIS,Communication Services
2005-09-30,7734000000,261000000,413000000,413000000,754000000,,DIS,Communication Services
2005-06-30,7715000000,811000000,1282000000,1282000000,1632000000,,DIS,Communication Services
2025-09-30,11510307000,2546916000,5346057000,3248247000,7428846000,,NFLX,Communication Services
2025-06-30,11079166000,3125413000,5753855000,3774694000,7726411000,,NFLX,Communication Services
2025-03-31,10542801000,2890351000,5279654000,3346999000,7301077000,,NFLX,Communication Services
2024-12-31,10246513000,1868607000,4479149000,2272766000,6182705000,,NFLX,Communication Services
2024-09-30,9824703000,2363509000,4704819000,2909477000,6689912000,,NFLX,Communication Services
2024-06-30,9559310000,2147306000,4385167000,2602837000,6532759000,,NFLX,Communication Services
2024-03-31,9381681000,2332209000,4404414000,2632534000,6545932000,,NFLX,Communication Services
2023-12-31,8832825000,937838000,3525340000,1496109000,5336755000,,NFLX,Communication Services
2023-09-30,8541668000,1677422000,3610880000,1916394000,5580407000,,NFLX,Communication Services
2023-06-30,8187301000,1487610000,3513831000,1827183000,5353550000,,NFLX,Communication Services
2023-03-31,8161503000,1305120000,3357878000,1714317000,5264636000,,NFLX,Communication Services
2022-12-31,7852053000,55284000,2447893000,549904000,4588118000,,NFLX,Communication Services
2022-09-30,7925589000,1398242000,3136924000,1533018000,5533202000,,NFLX,Communication Services
2022-06-30,7970141000,1440951000,3279386000,1578283000,5143362000,,NFLX,Communication Services
2022-03-31,7867767000,1597447000,3583062000,1971626000,5408238000,,NFLX,Communication Services
2021-12-31,7709318000,607429000,2469743000,631770000,4437071000,,NFLX,Communication Services
2021-09-30,7483467000,1449071000,3276878000,1755253000,4788557000,,NFLX,Communication Services
2021-06-30,7341777000,1353013000,3323769000,1847630000,4692867000,,NFLX,Communication Services
2021-03-31,7163282000,1706715000,3294771000,1959856000,4714793000,,NFLX,Communication Services
2020-12-31,6644442000,542156000,2479282000,954242000,3968810000,,NFLX,Communication Services
2020-09-30,6435637000,789976000,2567886000,1314863000,4077195000,,NFLX,Communication Services
2020-06-30,6148286000,720196000,2504579000,1357928000,3991748000,,NFLX,Communication Services
2020-03-31,5767691000,709067000,2167990000,958256000,3470158000,,NFLX,Communication Services
2019-12-31,5467434000,586970000,2001411000,458512000,3065999000,,NFLX,Communication Services
2019-09-30,5244905000,665244000,2146986000,980239000,3293574000,,NFLX,Communication Services
2019-06-30,4923116000,270650000,1917459000,706419000,2971486000,,NFLX,Communication Services
2019-03-31,4520992000,344052000,1650378000,459084000,2615840000,,NFLX,Communication Services
2018-12-31,4186841000,133934000,1453441000,215767000,2301611000,,NFLX,Communication Services
2018-09-30,3999374000,402835000,1587028000,480668000,2423555000,,NFLX,Communication Services
2018-06-30,3907270000,384349000,1617403000,462213000,2310920000,,NFLX,Communication Services
2018-03-31,3700856000,290124000,1504781000,446578000,2225597000,,NFLX,Communication Services
2017-12-31,3285755000,185517000,1178401000,245303000,1990528000,,NFLX,Communication Services
2017-09-30,2984859000,129590000,991879000,208627000,1868601000,,NFLX,Communication Services
2017-06-30,2785464000,65600000,883156000,127807000,1713663000,,NFLX,Communication Services
2017-03-31,2636635000,178222000,979611000,256942000,1596272000,,NFLX,Communication Services
2016-12-31,2477541000,66748000,823122000,153934000,1517837000,,NFLX,Communication Services
2016-09-30,2290188000,51517000,757344000,106036000,1363838000,,NFLX,Communication Services
2016-06-30,2105204000,40755000,632106000,70370000,1279883000,,NFLX,Communication Services
2016-03-31,1957736000,27658000,588196000,49453000,1143213000,,NFLX,Communication Services
2015-12-31,1823333000,43178000,573968000,59894000,1056036000,,NFLX,Communication Services
2015-09-30,1738355000,29432000,564397000,73641000,979680000,,NFLX,Communication Services
2015-06-30,1644694000,26335000,522942000,74835000,933829000,,NFLX,Communication Services
2015-03-31,1573129000,23696000,526728000,97456000,883326000,,NFLX,Communication Services
2014-12-31,1484728000,83371000,470396000,65046000,829889000,,NFLX,Communication Services
2014-09-30,1409432000,59295000,455038000,110407000,829187000,,NFLX,Communication Services
2014-06-30,1340407000,71018000,425559000,129600000,798537000,,NFLX,Communication Services
2014-03-31,1270089000,53115000,400903000,97595000,726833000,,NFLX,Communication Services
2013-12-31,1175230000,48421000,363381000,82288000,685563000,,NFLX,Communication Services
2013-09-30,1105999000,31822000,314980000,57120000,639512000,,NFLX,Communication Services
2013-06-30,1069372000,29471000,315847000,57117000,597102000,,NFLX,Communication Services
2013-03-31,1023961000,2689000,297098000,31822000,547850000,,NFLX,Communication Services
2012-12-31,945239000,7897000,249372000,19638000,512053000,,NFLX,Communication Services
2012-09-30,905089000,7675000,242451000,16135000,451342000,,NFLX,Communication Services
2012-06-30,889163000,6164000,245735000,16154000,419502000,,NFLX,Communication Services
2012-03-31,869791000,-4584000,245858000,-1935000,369178000,,NFLX,Communication Services
2011-12-31,875575000,40732000,300420000,70872000,386731000,,NFLX,Communication Services
2011-09-30,821839000,62460000,285222000,96842000,600594000,,NFLX,Communication Services
2011-06-30,788610000,68214000,298632000,115114000,12369000,,NFLX,Communication Services
2011-03-31,718553000,60233000,280402000,102240000,224993000,,NFLX,Communication Services
2010-12-31,595922000,47095000,205132000,78453000,-116875000,,NFLX,Communication Services
2010-09-30,553219000,37967000,208750000,69501000,155325000,,NFLX,Communication Services
2010-06-30,519819000,43519000,204885000,77342000,151794000,,NFLX,Communication Services
2010-03-31,493665000,32272000,186503000,58345000,131496000,,NFLX,Communication Services
2009-12-31,444542000,30913000,169056000,53349000,123848000,,NFLX,Communication Services
2009-09-30,423120000,30141000,147846000,49337000,115645000,,NFLX,Communication Services
2009-06-30,408509000,32443000,139266000,52782000,115030000,,NFLX,Communication Services
2009-03-31,394098000,22363000,134830000,36471000,94950000,,NFLX,Communication Services
2008-12-31,359595000,22732000,126749000,37921000,95266000,,NFLX,Communication Services
2008-09-30,341269000,20371000,116773000,34074000,89895000,,NFLX,Communication Services
2008-06-30,337614000,26579000,107527000,34201000,99803000,,NFLX,Communication Services
2008-03-31,326183000,13378000,103378000,14943000,79011000,,NFLX,Communication Services
2007-12-31,302355000,15776000,102305000,20121000,80938000,,NFLX,Communication Services
2007-09-30,293972000,15732000,99519000,21552000,75589000,,NFLX,Communication Services
2007-06-30,303693000,25580000,107000000,38273000,94420000,,NFLX,Communication Services
2007-03-31,305320000,9864000,110348000,11215000,65200000,,NFLX,Communication Services
2006-12-31,277233000,14860000,107885000,18688000,68803000,,NFLX,Communication Services
2006-09-30,255950000,12781000,97157000,17055000,57399000,,NFLX,Communication Services
2006-06-30,239351000,17037000,88772000,23488000,59263000,,NFLX,Communication Services
2006-03-31,224126000,4404000,75861000,4782000,35684000,,NFLX,Communication Services
2005-12-31,189259000,38211000,19072000,2798000,30274000,,NFLX,Communication Services
2005-09-30,174317000,6946000,75250000,5520000,32560000,,NFLX,Communication Services
2025-09-30,28095000000,1373000000,5054000000,1624000000,3660000000,,TSLA,Consumer Discretionary
2025-06-30,22496000000,1172000000,3878000000,923000000,3068000000,,TSLA,Consumer Discretionary
2025-03-31,19335000000,409000000,3153000000,399000000,2127000000,,TSLA,Consumer Discretionary
2024-12-31,25707000000,2356000000,4179000000,1583000000,4358000000,,TSLA,Consumer Discretionary
2024-09-30,25182000000,2167000000,4997000000,2717000000,4224000000,,TSLA,Consumer Discretionary
2024-06-30,25500000000,1400000000,4578000000,1605000000,3251000000,,TSLA,Consumer Discretionary
2024-03-31,21301000000,1390000000,3696000000,1171000000,2875000000,,TSLA,Consumer Discretionary
2023-12-31,25167000000,7930000000,4438000000,2064000000,3484000000,,TSLA,Consumer Discretionary
2023-09-30,23350000000,1853000000,4178000000,1764000000,3318000000,,TSLA,Consumer Discretionary
2023-06-30,24927000000,2703000000,4533000000,2399000000,3553000000,,TSLA,Consumer Discretionary
2023-03-31,23329000000,2513000000,4511000000,2664000000,3710000000,,TSLA,Consumer Discretionary
2022-12-31,24318000000,3687000000,5777000000,3901000000,4890000000,,TSLA,Consumer Discretionary
2022-09-30,21454000000,3292000000,5382000000,3688000000,4644000000,,TSLA,Consumer Discretionary
2022-06-30,16934000000,2259000000,4234000000,2464000000,3386000000,,TSLA,Consumer Discretionary
2022-03-31,18756000000,3280000000,5460000000,3603000000,4483000000,,TSLA,Consumer Discretionary
2021-12-31,17719000000,2343000000,4847000000,2567000000,3554000000,,TSLA,Consumer Discretionary
2021-09-30,13757000000,1618000000,3660000000,2004000000,2765000000,,TSLA,Consumer Discretionary
2021-06-30,11958000000,1142000000,2884000000,1312000000,1993000000,,TSLA,Consumer Discretionary
2021-03-31,10389000000,438000000,2215000000,594000000,1215000000,,TSLA,Consumer Discretionary
2020-12-31,10744000000,239000000,2066000000,575000000,1193000000,,TSLA,Consumer Discretionary
2020-09-30,8771000000,331000000,2063000000,809000000,1393000000,,TSLA,Consumer Discretionary
2020-06-30,6036000000,104000000,1267000000,327000000,894000000,,TSLA,Consumer Discretionary
2020-03-31,5985000000,68000000,1234000000,239000000,792000000,,TSLA,Consumer Discretionary
2019-12-31,7384000000,105000000,1391000000,359000000,936000000,,TSLA,Consumer Discretionary
2019-09-30,6303000000,143000000,1191000000,361000000,891851000,,TSLA,Consumer Discretionary
2019-06-30,6349676000,-389262000,921046000,-80507000,498065000,,TSLA,Consumer Discretionary
2019-03-31,4541464000,-667645000,565743000,-443848000,23729000,,TSLA,Consumer Discretionary
2018-12-31,7225873000,210078000,1442900000,251776000,910273000,,TSLA,Consumer Discretionary
2018-09-30,6824413000,311516000,1523665000,416757000,919582000,,TSLA,Consumer Discretionary
2018-06-30,4002231000,-742706000,618930000,-461983000,23272000,,TSLA,Consumer Discretionary
2018-03-31,3408751000,-709551000,456526000,-596974000,-180741000,,TSLA,Consumer Discretionary
2017-12-31,3288249000,-770807000,438786000,-598141000,-128535000,,TSLA,Consumer Discretionary
2017-09-30,2984675000,-619376000,449140000,-535480000,-134856000,,TSLA,Consumer Discretionary
2017-06-30,2789557000,-336397000,666615000,-277339000,111832000,,TSLA,Consumer Discretionary
2017-03-31,2696270000,-330277000,667946000,-272557000,104045000,,TSLA,Consumer Discretionary
2016-12-31,2284631000,-219469000,435278000,-143295000,183644000,,TSLA,Consumer Discretionary
2016-09-30,2298436000,21878000,636735000,85622000,366090000,,TSLA,Consumer Discretionary
2016-06-30,1270017000,-293188000,274776000,-238040000,-54808000,,TSLA,Consumer Discretionary
2016-03-31,1147048000,-282267000,252468000,-248224000,-91764000,,TSLA,Consumer Discretionary
2015-12-31,1214380000,-320397000,218564000,-260333000,-116610000,,TSLA,Consumer Discretionary
2015-09-30,936789000,-229858000,231496000,-183662000,-73296000,,TSLA,Consumer Discretionary
2015-06-30,954976000,-184227000,213370000,-170188000,-78799000,,TSLA,Consumer Discretionary
2015-03-31,939880000,-154181000,260073000,-102446000,-25334000,,TSLA,Consumer Discretionary
2014-12-31,956661000,-107629000,261697000,-74838000,-6862000,,TSLA,Consumer Discretionary
2014-09-30,851804000,-74708000,251851000,-41919000,23053000,,TSLA,Consumer Discretionary
2014-06-30,769349000,-61900000,212995000,-29512000,25203000,,TSLA,Consumer Discretionary
2014-03-31,620542000,-49800000,155128000,-37108000,7160000,,TSLA,Consumer Discretionary
2013-12-31,615219000,-16264000,156589000,-8677000,28908000,,TSLA,Consumer Discretionary
2013-09-30,431346000,-38496000,102868000,-30554000,-2104000,,TSLA,Consumer Discretionary
2013-06-30,405139000,-30502000,100483000,-10085000,12113000,,TSLA,Consumer Discretionary
2013-03-31,561792000,11248000,96320000,11517000,29367000,,TSLA,Consumer Discretionary
2012-12-31,306332000,-89931000,23857000,-90883000,-78091000,,TSLA,Consumer Discretionary
2012-09-30,50104000,-110804000,-8761000,-108460000,-100938000,,TSLA,Consumer Discretionary
2012-06-30,26653000,-105603000,4762000,-106175000,-101827000,,TSLA,Consumer Discretionary
2012-03-31,30167000,-89873000,10210000,-88763000,-84600000,,TSLA,Consumer Discretionary
2011-12-31,39375000,-81489000,7835000,-80927000,-76123000,,TSLA,Consumer Discretionary
2011-09-30,57666000,-65078000,17224000,-64477000,-60197000,,TSLA,Consumer Discretionary
2011-06-30,58171000,-58903000,18508000,-58739000,-54421000,,TSLA,Consumer Discretionary
2011-03-31,49030000,-48941000,18028000,-47346000,-43829000,,TSLA,Consumer Discretionary
2010-12-31,36286000,-51358000,11321000,-51645000,-48755000,,TSLA,Consumer Discretionary
2010-09-30,31241000,-34935000,9296000,-37834000,-34725000,,TSLA,Consumer Discretionary
2010-06-30,28405000,-38517000,6261000,-31362000,-28879000,,TSLA,Consumer Discretionary
2010-03-31,20812000,-29519000,3852000,-25998000,-23857000,,TSLA,Consumer Discretionary
2009-12-31,18585000,-24242000,1781000,-22925000,-20990000,,TSLA,Consumer Discretionary
2009-09-30,45527000,-4615000,7699000,-4291000,-2343000,,TSLA,Consumer Discretionary
2009-06-30,26945000,-10867000,2101000,-8087000,-6402000,,TSLA,Consumer Discretionary
2009-03-31,20886000,-16016000,-2046000,-16594000,-15222000,,TSLA,Consumer Discretionary
2008-12-31,14162000,-25498000,-1702000,-23224000,-21930000,,TSLA,Consumer Discretionary
2008-09-30,14162000,-25498000,-1702000,-23224000,-21930000,,TSLA,Consumer Discretionary
2008-03-31,3685500,-20695500,-285250,-19626000,-19517500,,TSLA,Consumer Discretionary
2007-12-31,3685500,-20695500,-285250,-19626000,-19517500,,TSLA,Consumer Discretionary
2007-03-31,18250,-19539250,16000,-19983250,-19511750,,TSLA,Consumer Discretionary
